Var1,Freq
𐘇𐘳𐘚,10
𐄁𐘃𐄁, 7
𐙕𐘮𐘱, 7
𐘱𐘞𐘞, 6
𐘆𐘅𐘉, 5
𐘇𐘬𐄁, 5
𐘴𐘋𐄁, 4
𐘸𐘙𐘳, 4
𐙂𐘰𐘯, 4
𐄁𐘚𐘱, 3
|||, 3
𐄓𐄉𐝆, 3
𐘂𐘱𐘙, 3
𐘇𐘈𐄁, 3
𐘇𐘞𐘞, 3
𐘇𐘾𐘘, 3
𐘉𐘅𐘘, 3
𐘉𐘅𐘾, 3
𐘐𐘹𐘗, 3
𐘚𐙕𐘮, 3
𐘝𐄐𐄋, 3
𐘞𐘽𐙗, 3
𐘰𐘯𐄇, 3
𐘻𐘯𐘃, 3
𐘾𐙂𐘂, 3
𐘿𐘽𐘉, 3
𐙂𐘻𐘅, 3
𐄁𐘂𐘦, 2
𐄁𐘇𐘆, 2
𐄁𐘇𐘳, 2
𐄁𐘚𐘅, 2
𐄁𐘚𐘠, 2
𐄁𐘚𐘢, 2
𐄁𐘱𐘞, 2
𐄁𐘱𐘮, 2
𐄁𐙂𐘝, 2
𐄁𐙂𐘰, 2
𐄁𐙛𐄁, 2
𐄇𐘝𐄇, 2
𐄇𐙂𐘁, 2
𐄊𐙂𐘁, 2
𐘀𐘋𐄐, 2
𐘀𐘙𐄇, 2
𐘀𐘿𐘴, 2
𐘁𐙉𐄓, 2
𐘂𐘈𐘱, 2
𐘂𐘳𐘗, 2
𐘂𐘴𐘗, 2
𐘇𐘂𐘴, 2
𐘇𐘤𐘱, 2
𐘇𐘳𐘅, 2
𐘇𐘴𐘹, 2
𐘉𐘟𐘤, 2
𐘊𐘄𐙂, 2
𐘘𐄇𐙂, 2
𐘙𐘍𐄁, 2
𐘚𐘀𐙁, 2
𐘚𐘢𐘅, 2
𐘚𐛭𐄑, 2
𐘝𐄇𐙍, 2
𐘞𐘘𐄑, 2
𐘞𐘴𐘋, 2
𐘞𐘻𐘀, 2
𐘤𐘱𐘈, 2
𐘦𐘘𐄐, 2
𐘬𐘙𐘍, 2
𐘬𐘜𐘙, 2
𐘮𐘆𐘝, 2
𐘱𐄁𐘚, 2
𐘲𐄐𐘆, 2
𐘲𐘸𐘭, 2
𐘲𐛷𐄑, 2
𐘳𐘅𐘚, 2
𐘳𐘚𐙌, 2
𐘳𐘝𐘾, 2
𐘴𐙐𐘠, 2
𐘸𐘀𐘁, 2
𐘸𐘁𐄁, 2
𐘸𐘃𐘃, 2
𐘸𐘭𐘷, 2
𐘻²⁰, 2
𐘾𐄁𐘱, 2
𐘾𐘅𐘤, 2
𐘿𐘠𐄁, 2
𐙀𐘆𐘴, 2
𐙂𐘁𐄙, 2
𐙂𐘈𐘗, 2
𐙖𐙛𐄇, 2
𐙗𐝇𐝉, 2
𐙚𐘳𐘧, 2
𐝃𐘝𐄈, 2
𐝆𐙁𐘾, 2
—||, 1
—𐘂𐘍, 1
—𐘇𐘀, 1
—𐘇𐘬, 1
—𐘇𐙂, 1
—𐘢𐙂, 1
—𐘲𐄇, 1
—𐘳𐘅, 1
—𐘵𐘃, 1
—𐘾𐙙, 1
—𐙁𐘃, 1
𐄁𐄁𐘃, 1
𐄁𐄙𐄎, 1
𐄁𐄋𐝕, 1
𐄁𐘀𐘋, 1
𐄁𐘀𐘭, 1
𐄁𐘀𐘮, 1
𐄁𐘀𐘰, 1
𐄁𐘁𐘌, 1
𐄁𐘂𐚂, 1
𐄁𐘆𐘅, 1
𐄁𐘆𐙗, 1
𐄁𐘇𐘂, 1
𐄁𐘇𐘈, 1
𐄁𐘇𐘙, 1
𐄁𐘇𐘭, 1
𐄁𐘇𐘮, 1
𐄁𐘇𐘺, 1
𐄁𐘇𐙀, 1
𐄁𐘉𐘅, 1
𐄁𐘉𐘦, 1
𐄁𐘉𐘲, 1
𐄁𐘌𐘸, 1
𐄁𐘌𐘻, 1
𐄁𐘐𐙈, 1
𐄁𐘚𐛭, 1
𐄁𐘜𐘙, 1
𐄁𐘝𐄐, 1
𐄁𐘝𐝆, 1
𐄁𐘞𐄊, 1
𐄁𐘞𐘽, 1
𐄁𐘞𐙁, 1
𐄁𐘠𐘆, 1
𐄁𐘠𐘠, 1
𐄁𐘣𐘞, 1
𐄁𐘤𐘘, 1
𐄁𐘤𐛀, 1
𐄁𐘬𐙦, 1
𐄁𐘱𐘆, 1
𐄁𐘱𐘚, 1
𐄁𐘱𐘠, 1
𐄁𐘱𐘤, 1
𐄁𐘱𐘲, 1
𐄁𐘳𐘞, 1
𐄁𐘵𐘲, 1
𐄁𐘸𐘁, 1
𐄁𐘿𐘦, 1
𐄁𐙁𐘆, 1
𐄁𐙁𐘙, 1
𐄁𐙁𐘾, 1
𐄁𐙂𐘁, 1
𐄁𐙂𐘂, 1
𐄁𐙂𐘙, 1
𐄁𐙂𐙁, 1
𐄁𐙂𐝃, 1
𐄁𐙅𐘤, 1
𐄁𐙇𐄚, 1
𐄁𐙈𐄋, 1
𐄁𐙉𐄙, 1
𐄁𐙉𐘰, 1
𐄁𐙋𐄒, 1
𐄁𐙍𐄐, 1
𐄁𐙕𐘅, 1
𐄁𐙗𐄌, 1
𐄁𐙙𐄍, 1
𐄁𐙚𐄇, 1
𐄁𐙜𐝆, 1
𐄁𐙨𐄇, 1
𐄁𐙪𐄁, 1
𐄁𐙲𐄁, 1
𐄁𐚻𐄇, 1
𐄁𐚿𐄐, 1
𐄁𐛀𐄁, 1
𐄁𐛭𐄉, 1
𐄁𐛭𐄋, 1
𐄁𐛯𐘭, 1
𐄁𐛾𐄁, 1
𐄁𐜋𐄑, 1
𐄁𐜓𐄇, 1
𐄁𐜓𐄎, 1
𐄁𐜓𐝀, 1
𐄁𐜙𐝆, 1
𐄁𐜮𐄁, 1
𐄂𐘚𐘬, 1
||—, 1
|𐘣𐘱, 1
𐄐—𐘞, 1
𐄐𐄐𐄐, 1
𐄐𐄇𐜎, 1
𐄐𐄈𐘌, 1
𐄐𐄈𐘘, 1
𐄐𐄈𐘚, 1
𐄐𐄈𐙀, 1
𐄐𐄈𐙘, 1
𐄐𐄈𐝆, 1
𐄐𐄉𐘤, 1
𐄐𐄉𐘳, 1
𐄐𐄉𐘺, 1
𐄐𐄊𐙍, 1
𐄐𐄊𐜛, 1
𐄐𐄊𐝆, 1
𐄐𐄋𐘸, 1
𐄐𐄋𐙖, 1
𐄐𐄋𐙜, 1
𐄐𐄋𐙢, 1
𐄐𐄌𐜓, 1
𐄐𐄌𐝆, 1
𐄐𐄍𐜎, 1
𐄐𐘂𐘀, 1
𐄐𐘋𐙍, 1
𐄐𐘌𐘌, 1
𐄐𐘙𐄁, 1
𐄐𐘚𐘂, 1
𐄐𐘝𐄑, 1
𐄐𐘞𐘘, 1
𐄐𐘰𐘾, 1
𐄐𐘵𐘽, 1
𐄐𐘸𐘦, 1
𐄐𐘹𐘂, 1
𐄐𐙁𐙀, 1
𐄐𐙂𐘝, 1
𐄐𐙖𐄍, 1
𐄐𐚸𐄉, 1
𐄐𐚺𐄐, 1
𐄐𐜉𐄉, 1
𐄐𐜙𐝆, 1
𐄑𐄇𐘸, 1
𐄑𐄈𐝕, 1
𐄑𐄉𐄙, 1
𐄑𐄊𐛑, 1
𐄑𐄊𐛩, 1
𐄑𐄋𐙘, 1
𐄑𐘌𐘽, 1
𐄑𐘙𐘍, 1
𐄑𐘸𐘁, 1
𐄑𐘻𐘯, 1
𐄑𐘾𐘇, 1
𐄑𐙂𐘂, 1
𐄑𐙂𐘝, 1
𐄑𐙘𐄉, 1
𐄑𐛃𐄍, 1
𐄑𐜄𐄔, 1
𐄑𐜓𐄈, 1
𐄑𐜧𐄉, 1
𐄒—𐜣, 1
𐄒𐄇𐘀, 1
𐄒𐄉𐘾, 1
𐄒𐄋𐙗, 1
𐄒𐄍𐛆, 1
𐄒𐘭𐘾, 1
𐄒𐘾𐄔, 1
𐄒𐙝𐘭, 1
𐄒𐜗𐄉, 1
𐄓𐄋𐜗, 1
𐄓𐜁𐄐, 1
𐄓𐝆𐜉, 1
𐄔𐄈𐝆, 1
𐄔𐄉𐘚, 1
𐄔𐄍𐘚, 1
𐄔𐙅𐄔, 1
𐄔𐝃𐛿, 1
𐄕𐄇𐜋, 1
𐄕𐄈𐙂, 1
𐄕𐄈𐙅, 1
𐄕𐄌𐘀, 1
𐄕𐘢𐘘, 1
𐄖𐄌𐘰, 1
𐄖𐘸𐘁, 1
𐄖𐙓𐄁, 1
𐄗𐄈𐙳, 1
𐄗𐘚𐘈, 1
𐄘𐄍𐘞, 1
𐄘𐙞𐘸, 1
𐄘𐜦𐄙, 1
𐄙𐄐𐄉, 1
𐄙𐄑𐄉, 1
𐄙𐄒𐄊, 1
𐄙𐄘𐄍, 1
𐄙𐄊𐘆, 1
𐄙𐄏𐘇, 1
𐄚𐄓𐄋, 1
𐄚𐄘𐄈, 1
𐄜𐚢𐘲, 1
𐄞𐄗𐙘, 1
𐄡𐄓𐄇, 1
⁰⁰¹, 1
⁰²⁰, 1
⁰²⁹, 1
⁰³⁹, 1
⁰⁴⁷, 1
⁰⁵⁹, 1
⁰⁶⁷, 1
⁰𐚩², 1
𐄇—𐄋, 1
𐄇—𐘷, 1
¹⁰𐙕, 1
¹²³, 1
¹³¹, 1
¹⁴⁸, 1
¹⁵⁴, 1
¹⁷⁷, 1
¹⁸𐙂, 1
¹⁹⁹, 1
𐄇𐘀𐘗, 1
𐄇𐘀𐘘, 1
𐄇𐘀𐘚, 1
𐄇𐘀𐘭, 1
𐄇𐘂𐘦, 1
𐄇𐘂𐘳, 1
𐄇𐘇𐄐, 1
𐄇𐘇𐘈, 1
𐄇𐘇𐘘, 1
𐄇𐘇𐘬, 1
𐄇𐘇𐘭, 1
𐄇𐘇𐙂, 1
𐄇𐘉𐘅, 1
𐄇𐘉𐘆, 1
𐄇𐘋𐘍, 1
𐄇𐘌𐙠, 1
𐄇𐘐𐙈, 1
𐄇𐘑𐄋, 1
𐄇𐘖𐄉, 1
𐄇𐘘𐙁, 1
𐄇𐘙𐄑, 1
𐄇𐘙𐘆, 1
𐄇𐘝𐄈, 1
𐄇𐘞𐙁, 1
𐄇𐘠𐘬, 1
𐄇𐘤𐘹, 1
𐄇𐘥𐘸, 1
𐄇𐘦𐘆, 1
𐄇𐘫𐘝, 1
𐄇𐘭𐘘, 1
𐄇𐘲𐘙, 1
𐄇𐘲𐘜, 1
𐄇𐘸𐄇, 1
𐄇𐘸𐝢, 1
𐄇𐘹𐘻, 1
𐄇𐘺𐘞, 1
𐄇𐘻𐘸, 1
𐄇𐘻𐘹, 1
𐄇𐘾𐘌, 1
𐄇𐘾𐘠, 1
𐄇𐘿𐘲, 1
𐄇𐙁𐘆, 1
𐄇𐙁𐘭, 1
𐄇𐙂𐘂, 1
𐄇𐙂𐘰, 1
𐄇𐙂𐘴, 1
𐄇𐙄𐄇, 1
𐄇𐙇𐘚, 1
𐄇𐙓𐘬, 1
𐄇𐙗𐝓, 1
𐄇𐙜𐄎, 1
𐄇𐙢𐄇, 1
𐄇𐙯𐚄, 1
𐄇𐚞𐄇, 1
𐄇𐚻𐄇, 1
𐄇𐚼𐝇, 1
𐄇𐛖𐄐, 1
𐄇𐛣𐝓, 1
𐄇𐜋𐙖, 1
𐄇𐜖𐝉, 1
𐄇𐜗𐄌, 1
𐄇𐝃𐛺, 1
𐄇𐝃𐝄, 1
𐄇𐝄𐛥, 1
𐄇𐝅𐛱, 1
𐄇𐝆𐘉, 1
𐄇𐝆𐙜, 1
𐄇𐝆𐝃, 1
𐄇𐝆𐝆, 1
𐄇𐝎𐘫, 1
𐄇𐝕𐛒, 1
𐄈—𐘇, 1
²⁰¹, 1
²⁰³, 1
²⁰⁴, 1
²⁷⁸, 1
²⁸³, 1
𐄈𐘀𐘤, 1
𐄈𐘂𐘱, 1
𐄈𐘆𐘭, 1
𐄈𐘉𐙱, 1
𐄈𐘌𐙠, 1
𐄈𐘐𐄇, 1
𐄈𐘗𐘸, 1
𐄈𐘝𐄇, 1
𐄈𐘞𐙯, 1
𐄈𐘬𐘲, 1
𐄈𐘰𐘝, 1
𐄈𐘱𐘣, 1
𐄈𐘹𐘐, 1
𐄈𐘾𐘂, 1
𐄈𐘾𐘬, 1
𐄈𐙀𐘬, 1
𐄈𐙂𐘂, 1
𐄈𐙈𐄉, 1
𐄈𐙍𐄉, 1
𐄈𐙖𐄊, 1
𐄈𐙘𐄌, 1
𐄈𐙜𐝆, 1
𐄈𐙰𐘆, 1
𐄈𐛏𐄇, 1
𐄈𐛫𐄑, 1
𐄈𐛭𐄒, 1
𐄈𐜂𐄈, 1
𐄈𐜉𐄉, 1
𐄈𐜙𐝆, 1
𐄈𐝃𐝋, 1
𐄈𐝄𐝇, 1
𐄈𐝆𐘇, 1
𐄈𐝆𐘱, 1
𐄈𐝆𐘾, 1
𐄈𐝆𐙘, 1
𐄈𐝆𐝁, 1
𐄈𐝓𐙉, 1
𐄉𐘀𐙂, 1
𐄉𐘇𐘜, 1
𐄉𐘇𐘤, 1
𐄉𐘇𐘳, 1
𐄉𐘍𐘤, 1
𐄉𐘘𐄑, 1
𐄉𐘛𐘯, 1
𐄉𐘣𐄐, 1
𐄉𐘱𐘸, 1
𐄉𐘷𐄐, 1
𐄉𐘾𐄇, 1
𐄉𐘾𐘁, 1
𐄉𐙂𐘴, 1
³𐙐², 1
𐄉𐙚𐘹, 1
𐄉𐜃𐄒, 1
𐄉𐜓𐄈, 1
𐄉𐜚𐝇, 1
𐄉𐝆𐙜, 1
𐄉𐝕𐙘, 1
𐄊𐄁𐘉, 1
𐄊𐄁𐘐, 1
⁴⁰𐙐, 1
⁴⁵¹, 1
⁴⁹⁰, 1
𐄊𐘅𐘠, 1
𐄊𐘇𐘙, 1
𐄊𐘇𐘭, 1
𐄊𐘕𐘘, 1
𐄊𐘞𐘽, 1
𐄊𐘦𐘲, 1
𐄊𐘿𐘫, 1
𐄊𐙁𐘆, 1
𐄊𐙁𐘭, 1
𐄊𐙂𐙀, 1
𐄊𐙗𐝁, 1
𐄊𐛖𐄐, 1
𐄊𐛹𐄝, 1
𐄊𐜙𐝁, 1
𐄊𐜬𐄈, 1
𐄊𐜱𐄊, 1
𐄊𐝃𐘸, 1
𐄊𐝃𐘾, 1
𐄊𐝆𐘬, 1
𐄊𐝆𐝁, 1
⁵⁴𐝥, 1
⁵⁸², 1
𐄋𐘂𐘚, 1
𐄋𐘇𐘤, 1
𐄋𐘉𐘯, 1
𐄋𐘝𐄈, 1
𐄋𐘝𐄉, 1
𐄋𐘰𐘝, 1
𐄋𐘶𐄐, 1
𐄋𐘸𐄉, 1
𐄋𐙇𐘚, 1
𐄋𐙋𐄇, 1
𐄋𐙑𐄍, 1
𐄋𐙕𐄐, 1
𐄋𐙘𐄋, 1
𐄋𐚢𐘌, 1
𐄋𐛉𐙉, 1
𐄋𐛩𐄐, 1
𐄋𐜆𐄙, 1
𐄋𐜉𐄊, 1
𐄋𐜋𐄈, 1
𐄋𐜌𐄉, 1
𐄋𐜗𐄇, 1
𐄋𐝅𐘸, 1
𐄋𐝆𐝅, 1
𐄋𐝕𐘀, 1
⁵𐝥¹, 1
⁶³⁸, 1
𐄌𐘃𐙌, 1
𐄌𐘝𐄁, 1
𐄌𐘡𐘾, 1
𐄌𐘣𐘆, 1
𐄌𐘦𐘶, 1
𐄌𐘳𐘅, 1
𐄌𐙁𐘘, 1
𐄌𐙂𐄖, 1
𐄌𐙂𐘁, 1
𐄌𐙜𐄊, 1
𐄌𐙸𐄍, 1
𐄌𐝆𐝃, 1
𐄍𐘇𐘀, 1
𐄍𐘞𐘁, 1
𐄍𐘠𐄍, 1
𐄍𐘸𐘁, 1
⁷𐙂¹, 1
𐄍𐝆𐙂, 1
𐄍𐝕𐙋, 1
⁸³⁴, 1
⁸⁶𐘼, 1
𐄎𐘀𐘤, 1
𐄎𐘆𐄐, 1
𐄎𐘝𐝓, 1
𐄎𐘞𐘆, 1
𐄎𐙂𐘢, 1
𐄎𐙰𐘆, 1
𐄎𐜗𐄎, 1
𐄎𐜙𐄇, 1
𐄎𐝓𐚺, 1
𐄎𐝕𐘸, 1
𐄏𐙋𐄐, 1
𐄏𐝆𐙁, 1
𐄏𐝆𐝃, 1
𐘀𐄐𐄈, 1
𐘀𐄇𐙂, 1
𐘀𐄎𐘋, 1
𐘀𐘄𐘚, 1
𐘀𐘅𐘤, 1
𐘀𐘅𐘹, 1
𐘀𐘇𐄁, 1
𐘀𐘈𐘴, 1
𐘀𐘋𐛳, 1
𐘀𐘙𐄈, 1
𐘀𐘙𐙂, 1
𐘀𐘚𐄔, 1
𐘀𐘝𐄁, 1
𐘀𐘤𐙈, 1
𐘀𐘬𐙁, 1
𐘀𐘭𐘀, 1
𐘀𐘳𐘴, 1
𐘀𐘵𐘑, 1
𐘀𐘶𐘃, 1
𐘀𐘹𐙋, 1
𐘀𐘻𐄁, 1
𐘀𐘻𐘯, 1
𐘀𐙁𐘃, 1
𐘀𐙂𐘈, 1
𐘁𐄁𐘉, 1
𐘁𐄁𐙗, 1
𐘁𐄐𐄌, 1
𐘁𐄒𐄇, 1
𐘁𐄒𐘸, 1
𐘁𐄕𐄋, 1
𐘁𐄗𐄍, 1
𐘁𐄘𐄍, 1
𐘁𐄙𐄐, 1
𐘁𐄙𐄒, 1
𐘁𐄙𐄗, 1
𐘁𐄇𐘀, 1
𐘁𐄋𐙅, 1
𐘁𐄋𐝆, 1
𐘁𐘂𐚣, 1
𐘁𐘝𐄉, 1
𐘁𐘤𐝢, 1
𐘁𐘰𐄐, 1
𐘁𐙄𐘳, 1
𐘁𐙋𐄘, 1
𐘁𐝆𐝃, 1
𐘁𐝎𐘞, 1
𐘁𐝕𐙂, 1
𐘂𐄁𐘀, 1
𐘂𐄁𐛭, 1
𐘂𐄇𐘃, 1
𐘂𐘀𐘝, 1
𐘂𐘀𐘲, 1
𐘂𐘁𐘲, 1
𐘂𐘈𐛱, 1
𐘂𐘚𐘄, 1
𐘂𐘞𐘭, 1
𐘂𐘯𐘿, 1
𐘂𐘱𐄈, 1
𐘂𐘳𐘀, 1
𐘂𐘴𐝓, 1
𐘂𐙂𐘯, 1
𐘂𐙈𐄒, 1
𐘃𐄁𐘇, 1
𐘃𐄁𐘙, 1
𐘃𐄁𐘚, 1
𐘃𐄁𐘳, 1
𐘃𐄁𐘸, 1
𐘃𐄁𐙉, 1
𐘃𐄁𐙍, 1
𐘃𐄁𐜉, 1
𐘃≈𐘝, 1
𐘃𐄐𐝇, 1
𐘃𐄈𐘳, 1
𐘃𐘃𐄁, 1
𐘃𐘃¹, 1
𐘃𐘃𐙛, 1
𐘃𐘌𐘠, 1
𐘃𐘚𐘥, 1
𐘃𐘚𐘱, 1
𐘃𐘭𐄁, 1
𐘃𐘮𐄁, 1
𐘃𐘸𐄑, 1
𐘃𐘹𐄇, 1
𐘃𐙉𐄘, 1
𐘃𐛬𐄔, 1
𐘄𐄌𐘆, 1
𐘄𐚉𐘄, 1
𐘅𐄁𐚴, 1
𐘅𐄐𐄍, 1
𐘅𐄇𐘀, 1
𐘅𐄇𐘂, 1
𐘅𐄇𐘈, 1
𐘅𐄇𐙂, 1
𐘅𐄈𐘇, 1
𐘅𐄈𐘘, 1
𐘅𐘀𐘙, 1
𐘅𐘐𐘗, 1
𐘅𐘗𐄁, 1
𐘅𐘞𐘽, 1
𐘅𐘠𐄁, 1
𐘅𐘠𐄇, 1
𐘅𐘠𐝕, 1
𐘅𐘤𐄁, 1
𐘅𐘬𐙉, 1
𐘅𐘳𐘚, 1
𐘅𐘴𐘃, 1
𐘅𐘹𐄑, 1
𐘅𐘻𐘅, 1
𐘅𐘾𐘅, 1
𐘅𐙁𐄁, 1
𐘅𐙁𐘤, 1
𐘅𐙁𐙁, 1
𐘅𐙂𐘂, 1
𐘅𐙇𐄇, 1
𐘅𐛳𐄕, 1
𐘅𐜉𐄉, 1
𐘅𐜋𐄔, 1
𐘅𐝆𐘃, 1
𐘆𐄐𐄈, 1
𐘆𐄕𐄋, 1
𐘆𐄇𐘃, 1
𐘆𐄈𐘀, 1
𐘆𐄈𐘳, 1
𐘆𐄉𐘠, 1
𐘆𐘀𐝆, 1
𐘆𐘅𐘁, 1
𐘆𐘅𐙨, 1
𐘆𐘆𐘍, 1
𐘆𐘆𐘺, 1
𐘆𐘆𐘾, 1
𐘆𐘑𐄇, 1
𐘆𐘗𐄈, 1
𐘆𐘙𐘆, 1
𐘆𐘦𐘘, 1
𐘆𐘭𐘅, 1
𐘆𐘱𐘚, 1
𐘆𐘸𐄈, 1
𐘆𐘸𐘈, 1
𐘆𐝆𐘑, 1
𐘇𐄑𐝁, 1
𐘇𐄞𐄗, 1
𐘇𐘀𐘐, 1
𐘇𐘀𐘴, 1
𐘇𐘁𐘃, 1
𐘇𐘂𐘸, 1
𐘇𐘅𐘯, 1
𐘇𐘆𐘀, 1
𐘇𐘇¹, 1
𐘇𐘈𐘙, 1
𐘇𐘈𐘤, 1
𐘇𐘈𐘹, 1
𐘇𐘗𐄁, 1
𐘇𐘘𐘴, 1
𐘇𐘙𐘗, 1
𐘇𐘙𐘞, 1
𐘇𐘞𐘀, 1
𐘇𐘞𐘲, 1
𐘇𐘞𐘽, 1
𐘇𐘠𐘾, 1
𐘇𐘤𐘲, 1
𐘇𐘤𐙈, 1
𐘇𐘧𐘞, 1
𐘇𐘬𐘙, 1
𐘇𐘬𐘝, 1
𐘇𐘬𐘺, 1
𐘇𐘬𐛧, 1
𐘇𐘰𐘆, 1
𐘇𐘲𐘫, 1
𐘇𐘲𐘱, 1
𐘇𐘳𐘙, 1
𐘇𐘴𐘶, 1
𐘇𐘴𐘺, 1
𐘇𐘶𐄁, 1
𐘇𐘸𐘁, 1
𐘇𐘸𐘤, 1
𐘇𐘹𐘭, 1
𐘇𐘾𐘯, 1
𐘇𐘾𐘴, 1
𐘇𐙁𐄁, 1
𐘇𐙁𐘮, 1
𐘇𐙁𐘱, 1
𐘇𐙁𐘴, 1
𐘇𐙂𐘶, 1
𐘇𐙕𐘸, 1
𐘈𐄁𐘃, 1
𐘈𐄁𐘇, 1
𐘈𐄁𐛵, 1
𐘈𐄁𐛽, 1
𐘈𐄐𐄎, 1
𐘈𐄕𐄊, 1
𐘈𐄇𐘮, 1
𐘈𐘃𐘭, 1
𐘈𐘄𐘚, 1
𐘈𐘅𐄐, 1
𐘈𐘞𐘰, 1
𐘈𐘤𐘳, 1
𐘈𐘮𐙄, 1
𐘈𐘯𐘠, 1
𐘈𐘱𐄑, 1
𐘈𐙎𐄋, 1
𐘈𐙙𐄁, 1
𐘉𐘂𐙁, 1
𐘉𐘅𐘇, 1
𐘉𐘠𐄇, 1
𐘉𐘠𐘯, 1
𐘉𐘪𐄁, 1
𐘉𐘪𐄇, 1
𐘉𐘪𐄌, 1
𐘉𐘳𐘁, 1
𐘉𐘴𐘅, 1
𐘉𐘶𐄋, 1
𐘉𐘷𐄁, 1
𐘉𐘾𐘙, 1
𐘉𐙱𐘍, 1
𐘉𐝄𐄁, 1
𐘊𐘇𐄁, 1
𐘊𐘘𐄇, 1
𐘊𐘼𐝇, 1
𐘋𐄁𐘉, 1
𐘋𐄁𐘳, 1
𐘋𐘀𐘚, 1
𐘋𐘃𐄇, 1
𐘋𐘸𐘆, 1
𐘌𐘌𐘀, 1
𐘌𐘌𐘘, 1
𐘌𐘘𐄈, 1
𐘌𐘙𐄁, 1
𐘌𐘞𐘴, 1
𐘌𐘠𐘀, 1
𐘌𐘠𐘶, 1
𐘌𐘯𐙁, 1
𐘌𐙂𐘙, 1
𐘌𐙈𐘇, 1
𐘌𐙠𐘚, 1
𐘌𐝇𐘞, 1
𐘍𐄁𐘳, 1
𐘍𐄈𐘌, 1
𐘍𐄌𐘀, 1
𐘍𐘈𐄌, 1
𐘍𐘙𐄁, 1
𐘍𐘠𐄁, 1
𐘍𐘤—, 1
𐘍𐝃𐘇, 1
𐘎𐄏𐘳, 1
𐘏𐛻𐄙, 1
𐘐𐄁𐛱, 1
𐘐𐄑𐄍, 1
𐘐𐄇𐘴, 1
𐘐𐘗𐘻, 1
𐘐𐘭𐘹, 1
𐘐𐘱𐘬, 1
𐘐𐙈𐄁, 1
𐘐𐙈𐄌, 1
𐘑𐙄𐘤, 1
𐘒𐄉𐛞, 1
𐘓𐄋𐘃, 1
𐘕𐄁𐘉, 1
𐘕𐄁𐘘, 1
𐘕≈𐘮, 1
𐘕𐄇𐙁, 1
𐘕𐘇𐘱, 1
𐘕𐘠𐄁, 1
𐘖𐄊𐘸, 1
𐘗𐄁𐘇, 1
𐘗𐄁𐘌, 1
𐘗𐄐𐄉, 1
𐘗𐄇𐝆, 1
𐘗𐄈𐝆, 1
𐘗𐘃𐝇, 1
𐘗𐘔𐄇, 1
𐘘𐄇𐘗, 1
𐘘𐄇𐘞, 1
𐘘𐄊𐝃, 1
𐘘𐄌𐘸, 1
𐘘𐘀𐘴, 1
𐘘𐘃𐄁, 1
𐘘𐘋𐄌, 1
𐘘𐘚𐘺, 1
𐘘𐘱𐘝, 1
𐘘𐘱𐘳, 1
𐘘𐘳𐘴, 1
𐘘𐘽𐙅, 1
𐘘𐙀𐘅, 1
𐘘𐙁𐄁, 1
𐘘𐙁𐘠, 1
𐘘𐙁𐘳, 1
𐘘𐙂𐄇, 1
𐘘𐙋𐄐, 1
𐘘𐙝𐘶, 1
𐘙𐄁𐘚, 1
𐘙𐄐𐄌, 1
𐘙𐄐𐘉, 1
𐘙𐄑𐘤, 1
𐘙𐄖𐄈, 1
𐘙𐄖𐙍, 1
𐘙𐄇𐘃, 1
𐘙𐄇𐘤, 1
𐘙𐄇𐘾, 1
𐘙𐄈𐙂, 1
𐘙𐄈𐛇, 1
𐘙𐄊𐙂, 1
𐘙𐘀𐘚, 1
𐘙𐘃𐜓, 1
𐘙𐘄𐄁, 1
𐘙𐘆𐘱, 1
𐘙𐘇𐘻, 1
𐘙𐘍𐘈, 1
𐘙𐘚𐄉, 1
𐘙𐘚𐘥, 1
𐘙𐘣𐄇, 1
𐘙𐘭𐘻, 1
𐘙𐘷𐄇, 1
𐘙𐘻𐄇, 1
𐘙𐙿𐄐, 1
𐘙𐛲𐄐, 1
𐘙𐝓𐘇, 1
𐘚𐄁𐘚, 1
𐘚𐄁𐘱, 1
𐘚𐘀𐄁, 1
𐘚𐘀𐘀, 1
𐘚𐘀𐙉, 1
𐘚𐘁𐄊, 1
𐘚𐘃𐄇, 1
𐘚𐘅𐄇, 1
𐘚𐘅𐘚, 1
𐘚𐘅𐘮, 1
𐘚𐘅𐝃, 1
𐘚𐘈𐄈, 1
𐘚𐘌𐙈, 1
𐘚𐘠𐄇, 1
𐘚𐘠𐘠, 1
𐘚𐘢𐘳, 1
𐘚𐘬𐘗, 1
𐘚𐘱𐘂, 1
𐘚𐘱𐘃, 1
𐘚𐘳𐄉, 1
𐘚𐘳𐘱, 1
𐘚𐘾𐄁, 1
𐘚𐘾𐄋, 1
𐘚𐙀𐘭, 1
𐘚𐙂𐘭, 1
𐘚𐙂𐘳, 1
𐘚𐙂𐘶, 1
𐘚𐙌𐄈, 1
𐘚𐙕𐄋, 1
𐘚𐜚𐄉, 1
𐘚𐝆𐙚, 1
𐘚𐝕𐘤, 1
𐘛𐘯𐙁, 1
𐘜𐘙𐄁, 1
𐘝𐄁𐄇, 1
𐘝𐄁𐘃, 1
𐘝≈𐛿, 1
𐘝𐄓𐄈, 1
𐘝𐄓𐘰, 1
𐘝𐄇𐘉, 1
𐘝𐄈—, 1
𐘝𐄈𐝆, 1
𐘝𐄈𐝇, 1
𐘝𐄊𐛖, 1
𐘝𐄋𐘃, 1
𐘝𐄌𐙍, 1
𐘝𐘯𐘝, 1
𐘝𐘱𐘻, 1
𐘝𐘳𐄇, 1
𐘝𐘳𐘇, 1
𐘝𐘴𐙗, 1
𐘝𐙁𐄍, 1
𐘝𐛭𐄒, 1
𐘝𐝀𐙍, 1
𐘝𐝃𐙢, 1
𐘞≈𐘳, 1
𐘞𐄇𐘙, 1
𐘞𐄈𐝃, 1
𐘞𐄊𐙓, 1
𐘞𐄊𐙯, 1
𐘞𐘁𐄁, 1
𐘞𐘁𐄐, 1
𐘞𐘄𐙁, 1
𐘞𐘋𐝇, 1
𐘞𐘕𐄋, 1
𐘞𐘕𐘗, 1
𐘞𐘗𐜚, 1
𐘞𐘘𐄐, 1
𐘞𐘞𐘴, 1
𐘞𐘱𐄁, 1
𐘞𐘱𐙁, 1
𐘞𐘴𐄓, 1
𐘞𐘴𐘇, 1
𐘞𐘽𐄑, 1
𐘞𐘽𐙉, 1
𐘞𐘽𐜉, 1
𐘞𐙁𐄁, 1
𐘞𐙁𐄒, 1
𐘞𐙍𐄏, 1
𐘞𐙍𐘿, 1
𐘞𐙸𐝃, 1
𐘞𐝢𐘋, 1
𐘟𐘃𐙉, 1
𐘟𐘠𐘭, 1
𐘟𐘶𐘃, 1
𐘠𐄁𐙇, 1
𐘠𐄁𐛲, 1
𐘠𐄐𐄉, 1
𐘠𐄐𐙂, 1
𐘠𐄑𐄏, 1
𐘠𐄑𐝆, 1
𐘠𐄓𐄋, 1
𐘠𐄇𐘱, 1
𐘠𐄇𐙁, 1
𐘠𐄏𐝃, 1
𐘠𐘃𐄇, 1
𐘠𐘍𐘈, 1
𐘠𐘘𐄊, 1
𐘠𐘛𐛭, 1
𐘠𐘝𐘞, 1
𐘠𐘝𐘳, 1
𐘠𐘞𐄁, 1
𐘠𐘠𐙁, 1
𐘠𐘠𐙂, 1
𐘠𐘠𐙫, 1
𐘠𐘡𐄙, 1
𐘠𐘯𐄁, 1
𐘠𐘸𐙇, 1
𐘠𐘾𐘇, 1
𐘠𐙁𐘘, 1
𐘠𐙕𐘮, 1
𐘡𐄐𐄍, 1
𐘡𐄒𐛢, 1
𐘡𐄚𐄓, 1
𐘡𐄊𐘛, 1
𐘡𐄊𐚗, 1
𐘡𐘄𐘭, 1
𐘡𐘶𐄕, 1
𐘡𐘷𐘿, 1
𐘡𐙃𐄔, 1
𐘢𐄁𐘃, 1
𐘢𐘃𐘭, 1
𐘢𐘅𐙁, 1
𐘢𐘙𐘅, 1
𐘢𐘠𐘗, 1
𐘢𐘥𐘂, 1
𐘢𐘳𐄇, 1
𐘢𐘳𐘥, 1
𐘢𐘳𐘱, 1
𐘢𐘳𐘾, 1
𐘢𐘸𐄇, 1
𐘢𐘸𐄋, 1
𐘢𐘻𐘳, 1
𐘣𐄁𐘨, 1
𐘣𐄁𐙉, 1
𐘣𐄈𐙕, 1
𐘣𐘃𐘁, 1
𐘣𐘃𐘱, 1
𐘣𐘃𐝦, 1
𐘣𐘅𐘬, 1
𐘣𐝢𐘙, 1
𐘤𐄁𐘾, 1
𐘤𐄁𐛪, 1
𐘤𐄇—, 1
𐘤¹², 1
𐘤𐄇𐘱, 1
𐘤𐄊𐘞, 1
𐘤𐄋𐙂, 1
𐘤𐄋𐝆, 1
𐘤𐘀𐘁, 1
𐘤𐘀𐘃, 1
𐘤𐘀𐘙, 1
𐘤𐘃𐄁, 1
𐘤𐘃𐘹, 1
𐘤𐘆𐙕, 1
𐘤𐘍𐘗, 1
𐘤𐘘𐘃, 1
𐘤𐘘𐙁, 1
𐘤𐘞𐘽, 1
𐘤𐘠𐄁, 1
𐘤𐘢𐘸, 1
𐘤𐘤¹, 1
𐘤𐘬𐘟, 1
𐘤𐘸𐘴, 1
𐘤𐘻𐘳, 1
𐘤𐙀𐘡, 1
𐘤𐙁𐄁, 1
𐘤𐙈𐄑, 1
𐘤𐙈𐘾, 1
𐘤𐙍𐝆, 1
𐘤𐙗𐄎, 1
𐘥𐄔𐄈, 1
𐘥𐄉𐘀, 1
𐘥𐘚𐄁, 1
𐘥𐘤𐘃, 1
𐘥𐙁𐘈, 1
𐘥𐝆𐘾, 1
𐘦𐄊𐘇, 1
𐘦𐘊𐘝, 1
𐘦𐘻𐘯, 1
𐘧𐘆𐄁, 1
𐘧𐘆𐜓, 1
𐘧𐘆𐜠, 1
𐘨𐄁𐘿, 1
𐘨𐘃𐄋, 1
𐘨𐘅𐘴, 1
𐘨𐘯𐘴, 1
𐘨𐙂𐘅, 1
𐘩𐘍𐄁, 1
𐘫𐄁𐘂, 1
𐘫𐄔𐙝, 1
𐘫𐄇𐙂, 1
𐘫𐄈𐘳, 1
𐘫𐘢𐄝, 1
𐘫𐘦𐄁, 1
𐘫𐘺𐄁, 1
𐘫𐘽𐄁, 1
𐘫𐙍𐄁, 1
𐘬𐄁𐙇, 1
𐘬𐄁𐙉, 1
𐘬𐘀𐙁, 1
𐘬𐘋𐘆, 1
𐘬𐘍𐄇, 1
𐘬𐘗𐘻, 1
𐘬𐘘𐘣, 1
𐘬𐘝𐘻, 1
𐘬𐘮𐘄, 1
𐘬𐘮𐙖, 1
𐘬𐘴𐘙, 1
𐘬𐘻𐘗, 1
𐘬𐘻𐘳, 1
𐘬𐝆𐝄, 1
𐘭𐄇𐘲, 1
𐘭𐘂𐝃, 1
𐘭𐘃𐄁, 1
𐘭𐘃𐄈, 1
𐘭𐘅𐙉, 1
𐘭𐘔𐄇, 1
𐘭𐘚𐘀, 1
𐘭𐘝𐘳, 1
𐘭𐘱𐄇, 1
𐘭𐘲𐙁, 1
𐘭𐘶𐄚, 1
𐘭𐘷𐙉, 1
𐘭𐘻𐘤, 1
𐘭𐘿𐘠, 1
𐘭𐙂𐘝, 1
𐘭𐙇𐄔, 1
𐘭𐙠𐘚, 1
𐘮≈𐙍, 1
𐘮𐄐—, 1
𐘮𐄊𐘘, 1
𐘮𐘢𐄇, 1
𐘮𐘣𐘠, 1
𐘮𐘬𐘝, 1
𐘮𐘵𐘻, 1
𐘮𐘶𐄙, 1
𐘮𐘹𐙁, 1
𐘮𐚖𐄈, 1
𐘮𐝁𐜇, 1
𐘯𐄁𐘚, 1
𐘯𐄇𐘂, 1
𐘯𐘁𐄁, 1
𐘯𐘈𐘋, 1
𐘯𐘠𐄑, 1
𐘯𐘬𐙷, 1
𐘯𐙁𐘂, 1
𐘯𐙁𐘙, 1
𐘯𐙁𐙉, 1
𐘰𐄁𐘮, 1
𐘰𐄁𐙙, 1
𐘰𐄐𐚯, 1
𐘰𐄙𐄐, 1
𐘰𐄇𐘾, 1
𐘰𐘅𐘹, 1
𐘰𐘚𐘞, 1
𐘰𐘝𐄐, 1
𐘰𐘝𐘅, 1
𐘰𐘝𐘣, 1
𐘰𐘡𐄁, 1
𐘰𐘴𐄛, 1
𐘰𐙓𐄈, 1
𐘱𐄁𐘯, 1
𐘱𐄁𐘱, 1
𐘱𐄁𐘸, 1
𐘱𐄁𐘺, 1
𐘱𐄁𐙄, 1
𐘱𐄐𐙂, 1
𐘱𐄇—, 1
𐘱𐄉𐘬, 1
𐘱𐄊𐘳, 1
𐘱𐘀𐘲, 1
𐘱𐘂𐄇, 1
𐘱𐘂𐘌, 1
𐘱𐘂𐘴, 1
𐘱𐘆𐘁, 1
𐘱𐘆𐘸, 1
𐘱𐘇𐘞, 1
𐘱𐘐𐙍, 1
𐘱𐘘𐄁, 1
𐘱𐘙𐄇, 1
𐘱𐘙𐘳, 1
𐘱𐘞𐘱, 1
𐘱𐘠𐄁, 1
𐘱𐘠𐘹, 1
𐘱𐘤𐄁, 1
𐘱𐘬𐘴, 1
𐘱𐘯𐄁, 1
𐘱𐘳𐘚, 1
𐘱𐘳𐘭, 1
𐘱𐘸𐘤, 1
𐘱𐘸𐘰, 1
𐘱𐘸𐙁, 1
𐘱𐘻𐘀, 1
𐘱𐙁𐘉, 1
𐘱𐙂𐘠, 1
𐘱𐙒𐄙, 1
𐘱𐚅𐄐, 1
𐘱𐝂𐝂, 1
𐘲𐄇𐘝, 1
𐘲𐄊𐘸, 1
𐘲𐄍𐜚, 1
𐘲𐘜𐙓, 1
𐘲𐘦𐘈, 1
𐘲𐘫𐄐, 1
𐘲𐙁𐘠, 1
𐘲𐙁𐝋, 1
𐘳𐄁𐘇, 1
𐘳𐄁𐘌, 1
𐘳𐄁𐘙, 1
𐘳𐄁𐘢, 1
𐘳𐄁𐙂, 1
𐘳𐄁𐙉, 1
𐘳𐄐𐄈, 1
𐘳𐄈𐘇, 1
𐘳𐄊𐙂, 1
𐘳𐄌𐝆, 1
𐘳𐘂𐄁, 1
𐘳𐘅𐄓, 1
𐘳𐘅𐘃, 1
𐘳𐘅𐘤, 1
𐘳𐘅𐘲, 1
𐘳𐘗𐄇, 1
𐘳𐘙𐄇, 1
𐘳𐘚𐘈, 1
𐘳𐘚𐘤, 1
𐘳𐘠𐄑, 1
𐘳𐘠𐄈, 1
𐘳𐘢𐘤, 1
𐘳𐘭𐘅, 1
𐘳𐘯𐘝, 1
𐘳𐘳¹, 1
𐘳𐘴𐄁, 1
𐘳𐙁𐘢, 1
𐘳𐙁𐘯, 1
𐘳𐙍𐄁, 1
𐘳𐛭𐝆, 1
𐘳𐜅𐄐, 1
𐘴𐄁𐘱, 1
𐘴𐄁𐙚, 1
𐘴𐄈𐘿, 1
𐘴𐄈𐝆, 1
𐘴𐄋𐙂, 1
𐘴𐘅𐘙, 1
𐘴𐘅𐘹, 1
𐘴𐘆𐄋, 1
𐘴𐘉𐘀, 1
𐘴𐘠𐄇, 1
𐘴𐘭𐘦, 1
𐘴𐘴𐝆, 1
𐘴𐘹𐘘, 1
𐘴𐙁𐘅, 1
𐘴𐙦𐘴, 1
𐘴𐙱𐄁, 1
𐘵𐄈𐝆, 1
𐘵𐘆𐘸, 1
𐘵𐘳𐘝, 1
𐘵𐘵², 1
𐘵𐘾𐘻, 1
𐘶𐄁𐙇, 1
𐘶𐄇𐘆, 1
𐘶𐄇𐙂, 1
𐘶𐘉𐘦, 1
𐘶𐘐𐄈, 1
𐘶𐘜𐄇, 1
𐘶𐙂𐘅, 1
𐘶𐝃𐘿, 1
𐘶𐝄𐘮, 1
𐘷𐄁𐛀, 1
𐘷𐘳𐘙, 1
𐘷𐛭𐄑, 1
𐘸𐄁𐄁, 1
𐘸𐄙𐙝, 1
𐘸𐄈𐘌, 1
𐘸𐄈𐙙, 1
𐘸𐄉𐝃, 1
𐘸𐄋𐜖, 1
𐘸𐘀𐘳, 1
𐘸𐘁𐄜, 1
𐘸𐘅𐄁, 1
𐘸𐘆𐘝, 1
𐘸𐘈𐄇, 1
𐘸𐘗𐙉, 1
𐘸𐘙𐘷, 1
𐘸𐘞𐘗, 1
𐘸𐘠𐘂, 1
𐘸𐘢𐘡, 1
𐘸𐘭𐘤, 1
𐘸𐘯𐄁, 1
𐘸𐘯𐙉, 1
𐘸𐘳𐘅, 1
𐘸𐘳𐘚, 1
𐘸𐘳𐘝, 1
𐘸𐘴𐄁, 1
𐘸𐘴𐄇, 1
𐘸𐘴𐝃, 1
𐘸𐘸𐘅, 1
𐘸𐘸𐘴, 1
𐘸𐘹𐘹, 1
𐘸𐘻𐘽, 1
𐘸𐙺𐄊, 1
𐘹𐄁𐘻, 1
𐘹𐄔𐄌, 1
𐘹𐄇𐘳, 1
𐘹𐄊𐘸, 1
𐘹𐘅𐘃, 1
𐘹𐘈𐘲, 1
𐘹𐘋𐘚, 1
𐘹𐘘𐘞, 1
𐘹𐘯𐄁, 1
𐘹𐘱𐄇, 1
𐘹𐘲𐘜, 1
𐘹𐘶𐙁, 1
𐘹𐘿𐘯, 1
𐘹𐙁𐄇, 1
𐘹𐙕𐘗, 1
𐘹𐜙𐝆, 1
𐘻𐄁𐘅, 1
𐘻𐄐𐘚, 1
𐘻𐄇𐘹, 1
𐘻𐄇𐘻, 1
𐘻𐄉𐝅, 1
𐘻𐘀𐘉, 1
𐘻𐘀𐘴, 1
𐘻𐘀𐙁, 1
𐘻𐘃𐘐, 1
𐘻𐘅𐄁, 1
𐘻𐘅𐄐, 1
𐘻𐘅𐄇, 1
𐘻𐘅𐘃, 1
𐘻𐘅𐘤, 1
𐘻𐘍𐘈, 1
𐘻𐘯𐄁, 1
𐘻𐘳𐄉, 1
𐘻𐘸𐘞, 1
𐘼¹², 1
𐘼𐘼¹, 1
𐘽𐄁𐜫, 1
𐘽𐘁𐘙, 1
𐘽𐘙𐄋, 1
𐘽𐘝𐄌, 1
𐘽𐘠𐄐, 1
𐘽𐙉𐄐, 1
𐘽𐙉𐄓, 1
𐘽𐙉𐄡, 1
𐘽𐙉𐄋, 1
𐘽𐙗𐄋, 1
𐘾𐄁𐘇, 1
𐘾𐄁𐘉, 1
𐘾𐄒𐘞, 1
𐘾𐄒𐙂, 1
𐘾𐄓𐘾, 1
𐘾𐄇𐘆, 1
𐘾𐄇𐜋, 1
𐘾𐘂𐄁, 1
𐘾𐘂𐘞, 1
𐘾𐘂𐘿, 1
𐘾𐘂𐙇, 1
𐘾𐘂𐝆, 1
𐘾𐘅𐄁, 1
𐘾𐘅𐘝, 1
𐘾𐘅𐘠, 1
𐘾𐘆𐄁, 1
𐘾𐘆𐄉, 1
𐘾𐘉𐘦, 1
𐘾𐘉𐙀, 1
𐘾𐘘𐄁, 1
𐘾𐘙𐘁, 1
𐘾𐘚𐘳, 1
𐘾𐘞𐘘, 1
𐘾𐘤𐘇, 1
𐘾𐘳𐘙, 1
𐘾𐘸𐄐, 1
𐘾𐘾¹, 1
𐘾𐙦𐘤, 1
𐘾𐚗𐄉, 1
𐘾𐛴𐄊, 1
𐘾𐝄𐘤, 1
𐘿𐄁𐘒, 1
𐘿𐘠𐘴, 1
𐘿𐘢𐘳, 1
𐘿𐘤𐘃, 1
𐘿𐘤𐙀, 1
𐘿𐘭𐄁, 1
𐘿𐘴𐄁, 1
𐘿𐘹𐄐, 1
𐘿𐘹𐘗, 1
𐘿𐘽𐘱, 1
𐘿𐘾𐄇, 1
𐘿𐘾𐄎, 1
𐙀𐄁𐙇, 1
𐙀𐘆𐘤, 1
𐙀𐘓𐘆, 1
𐙀𐘝𐄐, 1
𐙀𐘭𐘝, 1
𐙀𐘮𐄍, 1
𐙀𐘲𐄖, 1
𐙀𐜓𐄊, 1
𐙁𐄁𐘤, 1
𐙁𐄐𐙂, 1
𐙁𐄓𐘫, 1
𐙁𐄈𐙕, 1
𐙁𐄋𐘇, 1
𐙁𐘆𐄈, 1
𐙁𐘍𐄋, 1
𐙁𐘗𐄇, 1
𐙁𐘙𐄌, 1
𐙁𐘚𐘈, 1
𐙁𐘚𐘻, 1
𐙁𐘠𐘍, 1
𐙁𐘤𐘬, 1
𐙁𐘧—, 1
𐙁𐘳𐘈, 1
𐙁𐘸𐘦, 1
𐙁𐘹𐙋, 1
𐙁𐘾𐘭, 1
𐙁𐙯𐘅, 1
𐙂𐄁𐘝, 1
𐙂𐄑𐄈, 1
𐙂¹⁵, 1
𐙂𐄇𐝆, 1
𐙂𐄈𐘠, 1
𐙂𐘀𐄇, 1
𐙂𐘀𐘴, 1
𐙂𐘁𐄁, 1
𐙂𐘁𐄐, 1
𐙂𐘁𐄑, 1
𐙂𐘁𐄒, 1
𐙂𐘁𐄔, 1
𐙂𐘁𐄘, 1
𐙂𐘁𐄛, 1
𐙂𐘁𐄜, 1
𐙂𐘁𐄢, 1
𐙂𐘁𐄌, 1
𐙂𐘁𐙉, 1
𐙂𐘁𐚾, 1
𐙂𐘁𐜯, 1
𐙂𐘂𐘱, 1
𐙂𐘌𐘮, 1
𐙂𐘗𐘃, 1
𐙂𐘘𐄈, 1
𐙂𐘙𐄁, 1
𐙂𐘙𐘶, 1
𐙂𐘝𐄁, 1
𐙂𐘝𐘲, 1
𐙂𐘠𐄇, 1
𐙂𐘰𐘅, 1
𐙂𐘰𐘭, 1
𐙂𐘴𐙎, 1
𐙂𐘹𐘺, 1
𐙂𐘹𐝆, 1
𐙂𐘻𐜚, 1
𐙂𐙁𐘁, 1
𐙂𐙂¹, 1
𐙄𐄁𐛀, 1
𐙄𐘙𐘃, 1
𐙄𐘤𐘙, 1
𐙅𐄁𐙙, 1
𐙇𐄐𐄇, 1
𐙇𐄐𐝄, 1
𐙇𐄑𐄊, 1
𐙇𐄑𐄎, 1
𐙇𐄓𐄈, 1
𐙇𐄕𐄍, 1
𐙇𐄗𐄊, 1
𐙇𐄚𐄒, 1
𐙇𐘚𐘘, 1
𐙇𐚌𐘱, 1
𐙈𐄐𐄏, 1
𐙈𐄈𐘂, 1
𐙈𐄉𐛎, 1
𐙈𐘴𐘙, 1
𐙈𐘻𐘅, 1
𐙉𐄁𐄓, 1
𐙉𐄁𐘞, 1
𐙉𐄐𐄋, 1
𐙉𐄐𐄌, 1
𐙉𐄑𐘝, 1
𐙉𐄑𐜉, 1
𐙉𐄒𐄉, 1
𐙉𐄓𐜉, 1
𐙉𐄔𐄎, 1
𐙉𐄚𐄇, 1
𐙉𐄚𐄍, 1
𐙉𐄈𐙖, 1
𐙉𐄋𐘘, 1
𐙉𐄋𐙘, 1
𐙉𐘠𐘡, 1
𐙉𐘬𐙌, 1
𐙉𐝆𐙘, 1
𐙋𐄓𐄇, 1
𐙋𐄉𐘢, 1
𐙋𐄉𐛺, 1
𐙌𐄁𐘗, 1
𐙌𐘃𐄁, 1
𐙍𐄐𐚹, 1
𐙍𐄒𐄈, 1
𐙍𐄒𐄍, 1
𐙍𐄒𐘞, 1
𐙍𐄖𐄎, 1
𐙍𐄇𐝆, 1
𐙍𐄉—, 1
𐙍𐄉𐛧, 1
𐙍𐄊𐘫, 1
𐙍𐄌𐘇, 1
𐙍𐘲𐘸, 1
𐙍𐙉𐄁, 1
𐙍𐙋𐄒, 1
𐙍𐝆𐘖, 1
𐙏𐝈𐝃, 1
𐙐 𐘵, 1
𐙐²⁰, 1
𐙑𐄐𐄏, 1
𐙒𐝈𐝈, 1
𐙓𐄁𐘞, 1
𐙓𐘇𐘚, 1
𐙓𐘬𐄁, 1
𐙓𐘬𐘈, 1
𐙓𐘬𐜝, 1
𐙓𐙅𐄍, 1
𐙓𐙜𐄐, 1
𐙕𐄇𐘤, 1
𐙕𐄇𐙚, 1
𐙕𐘈𐘦, 1
𐙕𐘉𐘠, 1
𐙕𐘉𐘱, 1
𐙕𐘠𐄁, 1
𐙕𐘦𐘾, 1
𐙕𐘭𐄁, 1
𐙕𐘮𐘡, 1
𐙕𐙕¹, 1
𐙕𐝕𐘁, 1
𐙖𐄊𐘝, 1
𐙖𐘇𐘱, 1
𐙗𐄇𐛚, 1
𐙗𐄈𐝆, 1
𐙗𐝁𐙜, 1
𐙗𐝃𐙍, 1
𐙗𐝇𐘲, 1
𐙗𐝑𐘢, 1
𐙘𐄐𐘝, 1
𐙘𐄐𐘻, 1
𐙘𐄈—, 1
𐙘𐄉𐘞, 1
𐙘𐄌𐙋, 1
𐙙𐄁𐘃, 1
𐙙𐄁𐙘, 1
𐙙𐄑𐄉, 1
𐙙𐄒𐙁, 1
𐙙𐘘𐄈, 1
𐙙𐘮𐘅, 1
𐙙𐘻𐄇, 1
𐙚𐄇𐘤, 1
𐙚𐄊𐙗, 1
𐙚𐘹𐄐, 1
𐙚𐘹𐄇, 1
𐙚𐘹𐄈, 1
𐙚𐘿𐘬, 1
𐙚𐙗𐝃, 1
𐙛𐄐𐄉, 1
𐙛𐄙𐄔, 1
𐙛𐘞𐘽, 1
𐙜𐝁𐜐, 1
𐙟𐘀𐘶, 1
𐙟𐘘𐘾, 1
𐙠𐄁𐘀, 1
𐙠𐄁𐙂, 1
𐙠𐘙𐄇, 1
𐙠𐘚𐄉, 1
𐙢𐄇𐙂, 1
𐙢𐘷𐛭, 1
𐙦𐘳𐙁, 1
𐙨𐄇𐝆, 1
𐙩𐄇𐘢, 1
𐙩𐄈𐙢, 1
𐙩𐘿𐚍, 1
𐙪𐄁𐙙, 1
𐙪𐙚𐄐, 1
𐙫𐄈𐝃, 1
𐙫𐄉𐝃, 1
𐙫𐄋𐘌, 1
𐙭𐄁𐛭, 1
𐙮𐘭𐄇, 1
𐙰𐘆𐘴, 1
𐙱𐘍𐄊, 1
𐙲𐄁𐘂, 1
𐙲𐄁𐙉, 1
𐙳𐄒𐄊, 1
𐙳𐘶𐄎, 1
𐙴𐘡≈, 1
𐙵𐛲𐄇, 1
𐙹𐘆𐘅, 1
𐙹𐘆𐘲, 1
𐙹𐘞𐘕, 1
𐙺𐄇𐜙, 1
𐙾𐙾², 1
𐙿𐙒𐄐, 1
𐚆𐄁𐙇, 1
𐚊𐙕𐄇, 1
𐚏𐘡𐚎, 1
𐚢𐘂𐘳, 1
𐚦𐄈𐚃, 1
𐚫 𐚩, 1
𐚳¹⁰, 1
𐚵𐙏𐄇, 1
𐚷𐄁𐘀, 1
𐚹𐄇𐛚, 1
𐚹𐝃𐛛, 1
𐚹𐝉𐝋, 1
𐚺𐄇𐝃, 1
𐚺𐝉𐘂, 1
𐚻𐄇𐝇, 1
𐚻𐝂𐘞, 1
𐚻𐝇𐙍, 1
𐚾𐄇𐙁, 1
𐛀𐄁𐘞, 1
𐛀𐄁𐘠, 1
𐛀𐄁𐘸, 1
𐛂𐄙𐘰, 1
𐛃𐄐𐄈, 1
𐛅𐄈𐝅, 1
𐛆𐝃𐝉, 1
𐛉𐄁𐘃, 1
𐛉𐘝𐄌, 1
𐛊𐄐𐘺, 1
𐛕𐄑𐄈, 1
𐛚𐄁𐝅, 1
𐛛𐄁𐘾, 1
𐛜𐝂𐙙, 1
𐛟𐄊𐙂, 1
𐛦²⁰, 1
𐛦𐛦², 1
𐛧𐛧², 1
𐛪𐄐𐄎, 1
𐛭𐄒𐄉, 1
𐛭𐄓𐄎, 1
𐛭𐄕𐄈, 1
𐛭𐄇𐘚, 1
𐛱𐄑𐄓, 1
𐛱𐄓𐜋, 1
𐛲𐄌𐙇, 1
𐛵𐄍𐝆, 1
𐛶𐄖—, 1
𐛷𐄖𐄊, 1
𐛺𐄈𐘤, 1
𐛿𐄐𐄍, 1
𐜅𐄒𐄋, 1
𐜈𐜈², 1
𐜉𐄉𐙘, 1
𐜊𐄓𐄍, 1
𐜋𐄑𐄇, 1
𐜋𐄈—, 1
𐜋𐄍𐝆, 1
𐜋𐝀𐜗, 1
𐜍𐝆𐝇, 1
𐜎𐝆𐙘, 1
𐜒𐄉𐜋, 1
𐜓𐄐𐄋, 1
𐜓𐄔𐄇, 1
𐜓𐄈𐘞, 1
𐜓𐄌𐙖, 1
𐜓𐄎𐜋, 1
𐜓𐝆𐜗, 1
𐜓𐝒𐙋, 1
𐜔𐄈𐝂, 1
𐜕𐄇𐜌, 1
𐜖𐝅𐜏, 1
𐜗𐄐𐄇, 1
𐜗𐄇𐙘, 1
𐜗𐄇𐝆, 1
𐜗𐄈𐘲, 1
𐜗𐝀𐘡, 1
𐜘𐄐𐘞, 1
𐜙𐝆𐘕, 1
𐜙𐝆𐚇, 1
𐜚𐄇𐝃, 1
𐜚𐄉𐘝, 1
𐜚𐝆𐘝, 1
𐜜𐄈𐘣, 1
𐜝𐄇𐘤, 1
𐜝𐘀𐘨, 1
𐜝𐙂𐘂, 1
𐜝𐝧𐄉, 1
𐜞𐄇𐙂, 1
𐜠𐄁𐙇, 1
𐜠𐄁𐛧, 1
𐜡𐚳𐜡, 1
𐜭𐄇𐜰, 1
𐜮𐄁𐙢, 1
𐜱𐄉𐚤, 1
𐜲𐄈𐜰, 1
𐜶𐄇—, 1
𐝀𐘡𐄋, 1
𐝀𐘬𐙁, 1
𐝀𐙋𐝀, 1
𐝁𐘄𐘪, 1
𐝁𐘝𐄐, 1
𐝁𐘡𐄁, 1
𐝁𐘳𐘚, 1
𐝁𐙍𐄍, 1
𐝁𐚈𐙗, 1
𐝁𐜏𐝁, 1
𐝁𐜐𐝉, 1
𐝂𐙋𐄉, 1
𐝂𐙍𐄎, 1
𐝂𐙎𐄈, 1
𐝂𐜝𐜝, 1
𐝂𐝁𐝁, 1
𐝂𐝂𐘾, 1
𐝃—𐙪, 1
𐝃𐄋𐚹, 1
𐝃𐘧𐘳, 1
𐝃𐘶𐝈, 1
𐝃𐘸𐘁, 1
𐝃𐘾𐙂, 1
𐝃𐙍𐄌, 1
𐝃𐙗𐝃, 1
𐝃𐙼𐄈, 1
𐝃𐜇𐝆, 1
𐝃𐜋𐄑, 1
𐝃𐜓𐝃, 1
𐝃𐝄𐘞, 1
𐝃𐝆𐘀, 1
𐝃𐝉𐙘, 1
𐝄𐘇𐙱, 1
𐝄𐘞𐘙, 1
𐝄𐘳𐘱, 1
𐝄𐙂𐘁, 1
𐝅𐘸𐘁, 1
𐝅𐛚𐝅, 1
𐝅𐜍𐝅, 1
𐝅𐜗𐄉, 1
𐝆𐄁𐘉, 1
𐝆𐘀𐘭, 1
𐝆𐘂𐄉, 1
𐝆𐘃𐙕, 1
𐝆𐘄𐘋, 1
𐝆𐘇𐙕, 1
𐝆𐘍𐄋, 1
𐝆𐘚𐘬, 1
𐝆𐘝𐄍, 1
𐝆𐘝𐝆, 1
𐝆𐘠𐘯, 1
𐝆𐘢𐘞, 1
𐝆𐘤𐘆, 1
𐝆𐘬𐘰, 1
𐝆𐘭𐘳, 1
𐝆𐘳𐄈, 1
𐝆𐙓𐄐, 1
𐝆𐙕𐄌, 1
𐝆𐜋𐄈, 1
𐝆𐜐𐝓, 1
𐝆𐝀𐘀, 1
𐝆𐝁𐙘, 1
𐝆𐝃𐝉, 1
𐝇𐘝𐝃, 1
𐝇𐘡𐘅, 1
𐝇𐘫𐝄, 1
𐝇𐙍𐝇, 1
𐝇𐚻𐝀, 1
𐝇𐜫𐝂, 1
𐝇𐝉𐘇, 1
𐝈𐝀𐝀, 1
𐝈𐝈𐙇, 1
𐝉𐘾𐘅, 1
𐝉𐙍𐝀, 1
𐝉𐙍𐝆, 1
𐝍𐘷𐙗, 1
𐝎𐙘𐝀, 1
𐝓𐙁𐙭, 1
𐝓𐙍𐄈, 1
𐝕𐘀𐘘, 1
𐝕𐘠𐘀, 1
𐝕𐛉𐛔, 1
𐝕𐛋𐙈, 1
𐝕𐜋𐄊, 1
𐝠𐄇𐘇, 1
𐝠𐄋𐘞, 1
𐝢𐘋𐄁, 1
𐝢𐘠𐘈, 1
𐝥¹⁷, 1
𐝥¹⁸, 1
𐝥𐘻𐝥, 1
"𐝬𐄑,", 1
𐝭𐘢𐘾, 1
