doc_id,text
AN Zb 1,𐘃
AP Za <3>,𐝫𐘱𐝫
AP Za 1,𐘱𐘳𐘚𐙕𐘉𐘱𐄁𐝫
AP Za 2,𐝫𐘅𐘤𐄁𐘚𐘢𐘅𐙁𐝫𐄁𐝫𐘚𐙂𐘰𐘅𐘹𐘅𐘃𐝫𐝫𐘢𐘻𐘅𐘃𐄁𐘚𐘅𐘱𐘙𐘳𐝫𐄁𐝫𐘌𐄁
AR Zf 1,𐘚𐘀𐙁𐘃
AR Zf 2,𐘚𐘀𐙁𐘃𐝫
ARG Zg 1,𐘮≈𐙍𐘻
ARKH 1 a,𐝫𐘳𐘢𐄁𐘌𐝫𐘸𐝫𐄁𐘇𐘴𐝫𐝫𐘇𐘲𐘻𐙈𐝫𐘗𐄈𐝆𐘇𐘂𐝫𐘻𐘸𐘞𐘗𐝫
ARKH 1 a f,𐝫𐝫𐘇𐝫𐝫
ARKH 1 b,𐘇𐝫𐘱𐘙𐄉𐝫𐝫𐘰𐝫𐝫—𐝫𐘅𐄎
ARKH 2,𐘤𐘀𐘃𐙂𐘴𐙎𐄋𐘇𐘤𐘀𐘄𐘚𐄐𐄈𐙀𐙕𐘈𐘦𐘐𐙈𐄌𐘇𐘲𐘫𐘮𐄊𐘘𐘻𐝫
ARKH 3 a,𐝫𐘾𐘗𐙉𐝫𐝫𐝂𐙋𐄉𐝂𐙎𐄈𐝫𐄈𐝫𐙩𐄈𐝫𐘸𐘯𐙉𐄐𐄉𐝫𐝫𐘃𐄈𐙩𐄈𐙢𐄈𐝫𐝫𐙂𐄉𐝫
ARKH 3 b,𐝫𐘱𐘢𐙉𐄌𐝫𐝫𐘢𐙦𐙉𐄇𐝫𐙖𐝫𐝫𐄈𐙖𐄊𐝫𐙍𐄇𐝫
ARKH 4 a,𐝫𐝫𐘝𐘳𐝫𐝫𐘳𐄁𐘙𐄋𐘇𐝫𐄁𐝫𐘶𐄊𐘦𐘲𐝫𐄁𐝫𐘨𐘃𐄋𐘢𐘠𐘗𐘇𐝫𐝫
ARKH 4 b,𐝫𐝫𐝫𐘙𐄐𐘉𐝫𐝫𐘦𐘻𐄐𐘚𐘨𐝫𐄏𐘇𐘸𐘁𐄉𐘍𐘤𐙀𐝫𐄉𐝫
ARKH 5,𐘇𐘬𐘝𐘳𐘅𐄓𐄇𐝫𐝫𐄍𐘇𐘀𐘁𐙉𐄓𐝫𐙎𐄌𐘇𐝫𐝫
ARKH 6,𐘀𐘅𐘹𐄁𐙂𐝫𐝫𐘃𐘭𐝫𐝫
ARKH 7,𐝫—𐙜𐝂𐝫
ARKH Zb 10,𐘞≈𐘳𐙁𐝫
ARKH Zc 8,𐙚𐘳𐘧
ARKH Zf 9,𐘱𐘸𐘤𐘸𐘯𐄁𐘻𐘀𐙁𐘽𐄁
ARM Zg 1,𐜈
CR (?) Zf 1,𐘇𐙁𐘮𐘤𐄁𐘾𐘝𐘱𐘻𐄁𐘚𐘱𐄁𐘌𐘸𐘈𐘯𐘠𐄁𐘇𐘳𐘦
CR Zf 5,𐘱
CR Zg 3,𐙍𐝫≈𐘝≈𐛿
CR Zg 4,𐘚𐘀𐘀𐘇𐘁𐘃
FO Zc 1,𐙚𐘳𐘧
GO 2 r,𐝫𐘤𐝫𐘾𐝄𐘤𐄈𐘀𐝫𐘤𐘀𐘁𐝃𐝫𐝫𐘈𐝫𐝫
GO 2 v,𐝫𐝫𐄇𐝄𐘀𐝫𐘙𐄇𐝫𐘈𐘤𐝫𐝫𐝫
GO Wc 1 a,𐘇𐘞𐘲𐙁𐘚𐘈
GO Wc 1 b,𐘖𐄋
GO Wc 3,"𐝬𐄑,𐄈"
HS Zg 1,𐘇𐙁
HT 1,𐘿𐘽𐘉𐄁𐘸𐘁𐄙𐄘𐄍𐙀𐘲𐄖𐘆𐘆𐘍𐘥𐄔𐄈𐙂𐘰𐘯𐄙𐄏𐘇𐘴𐘅𐘙𐄙𐄋
HT 10 a,𐙂𐘝𐘲𐄁𐘞𐙁𐄊𐄁𐘉𐙱𐘍𐄊𐘂𐄁𐘀𐘙𐄐𐄌𐝆𐙕𐄌𐘉𐙱𐘍𐄐𐄊𐝫𐙙𐘘𐄈𐝆𐘀𐘭𐘀𐄎𐘋𐘍𐄉
HT 10 b,𐘉𐘠𐄇𐘀𐘙𐄈𐘳𐘭𐘅𐄐𐄋𐙢𐘳𐄌𐝆𐘾𐘞𐘘𐄌𐘳𐘅𐘠𐄏𐝃
HT 100,𐝫𐛧𐄔𐄎𐜝𐝫𐛃𐄐𐄈𐘸𐄈𐙙𐄋𐛩𐄐𐄌𐙂𐘁𐄘𐄍𐘞𐘽𐙗𐄋𐝃𐘝𐄈𐝓𐙍𐄈𐝆𐜋𐄈𐝅𐜗𐄉𐜍𐝕
HT 101,𐙀𐘓𐘆𐛱𐄓𐜋𐄎𐜗𐄎𐜓𐄈𐘞𐘽𐙉𐄓𐄇𐜋𐙖𐄐𐚸𐄉𐙂𐘰𐝫𐜋𐄈—𐝫𐄑𐙘𐄉𐜓𐄈𐝫𐄉𐙋𐄇𐝃𐛺𐄇
HT 102,𐘾𐘂𐘞𐘽𐙉𐄡𐄖𐄌𐘰𐘝𐛭𐄒𐄉𐝫𐙇𐛭𐄒𐄉𐘆𐘭𐘅𐄐𐙁𐙀𐄉𐘣𐄐𐘚𐘾𐄋𐙂𐘁𐄢𐄕
HT 103,𐘉𐘷𐄁𐘝𐄓𐘰𐘀𐙂𐘈𐘗𐝫𐄌𐝆𐙓𐄐𐄉𐘀𐙂𐘅𐄇𐘀𐙂𐘈𐘗𐄇𐘸𐝢𐄋𐝆
HT 104,𐘳𐘂𐄁𐚷𐄁𐘀𐙂𐘈𐘗𐘠𐄓𐄋𐝆𐘚𐘬𐘠𐄑𐝆𐘂𐘀𐘲𐘠𐄑𐄏𐙂𐘁𐄘𐄋
HT 105,𐘾𐘂𐝫𐙇𐄚𐄒𐄊𐘞𐘽𐄁𐙇𐄚𐄒𐄋
HT 106,𐘻𐘯𐘃𐙗𐄌𐝫𐘤𐄋𐝆𐘤𐄇—𐘀𐝫𐄁𐝫𐄎𐝫𐝫𐘤𐄉𐝫𐝫
HT 107,𐝫𐝫𐄉𐝫𐘃𐄗𐄌𐙸𐄍
HT 108,𐘸𐘙𐘳𐘅𐙇𐄇𐛶𐄖—𐘆𐘅𐘁𐄈𐘬𐘲𐘝𐄋𐝫𐝫𐄁𐝫𐘽𐘠𐄐𐘶𐝫𐝫
HT 109,𐝫𐝫𐘙𐄊𐝫𐝫𐘳𐄊𐝫𐙂𐘁𐄙𐄑𐄏𐝫𐘇𐘴𐘶𐄙𐄑𐄉
HT 11 a,𐘇𐘘𐘴𐝫𐄁𐝫𐄉𐘾𐘁𐘅𐄈𐘇𐙮𐘭𐄇𐙂𐘁𐄐𐘇𐘲𐘱𐄇𐙇𐘚𐄉𐘷𐄐𐄋
HT 11 b,𐝫𐘦𐘯𐘘𐘽𐙅𐘾𐄓𐘾𐄒𐘾𐄔𐘘𐙀𐘅𐘾𐄒𐘞𐘿𐘭𐄁𐘾𐄒𐙂𐘁𐄙𐄗
HT 110 a,𐘤𐘬𐘟𐙂𐘻𐜚𐄑𐙂𐘂𐄇𐙂𐘁𐄙𐝫𐝫𐘝𐄐𐄋𐝫𐝫𐄕
HT 110 b,𐙉𐝫𐘁𐄑𐜧𐄉𐝫𐄇𐙁𐄋𐝆𐝫𐄈𐘝𐄇𐝆𐝫𐄇𐙁𐄈𐙕𐝕
HT 111 a,𐝫𐝫𐝫𐘿𐘾𐄎𐘌𐘞𐝫𐝫𐘌𐘘𐄎𐘆𐄐𐄊𐝫𐝫𐘝𐝫𐝫
HT 111 b,𐝫𐝫𐄐𐄎𐘞𐘆𐄊𐝫𐝫𐄉𐘿𐝫𐝫𐘝𐄇𐝫𐘅𐝫𐝫
HT 112 a,𐘐𐝫𐝫𐘹𐘂𐝫𐝫𐝫
HT 112 b,𐝫𐙗𐄌𐝫𐝫𐝫𐝫
HT 113,𐘴𐘭𐘦𐝫𐝫𐘣𐘞𐄁𐝫𐄐𐄐𐄐𐘵𐄈𐝆𐝫
HT 113 ter,𐝫𐘻𐝫𐝫𐄊𐝫𐝫
HT 114 a,𐘸𐘭𐘷𐘞𐘽𐙉𐄐𐙖𐄍𐘝𐄇𐙍𐄇𐘖𐄉
HT 114 b,𐘞𐙍𐄏
HT 115 a,𐘨𐘯𐘴𐘱𐄁𐘚𐄁𐛯𐘭𐘳𐙁𐘯𐘣𐄈𐙕𐘉𐘴𐘅𐘐𐘗𐘻𐘅𐄇𐘈𐙂𐘹𐝆𐘂𐘴𐘗𐄇𐘇𐘈𐘱𐝂𐝂𐝂𐝂𐘾𐘊𐘘𐄇𐘭𐘲𐙁𐝫𐘲𐄈𐝂𐝫𐝫
HT 115 b,𐝫𐘘𐄁𐘂𐘴𐘗𐝆𐘠𐘯𐘱𐄁𐘯𐘣𐄁𐙉𐝆𐘬𐘰𐘅𐄇𐙂𐘘𐙁𐄁𐘚𐝆𐙚𐘹𐘱𐄇𐘇𐘚𐝫𐄁𐝫𐄇𐜞𐄇𐙂𐘳𐝫
HT 116 a,𐘉𐘳𐘁𐄁𐘃𐄁𐙂𐘂𐘱𐙉𐄐𐄌𐘫𐘽𐄁𐙉𐄓𐜉𐄋𐛉𐙉𐄐𐄌𐜓𐄇𐜗𐄌𐙋𐄉𐘢𐘟𐘃𐙉𐄋𐙖𐝫𐄋𐜗𐄇𐛺𐄈𐘤𐘸𐘗𐙉𐄐𐄈𐙘𐄐𐄈𐘌𐘯𐙁𐙉𐄑𐙘𐄉
HT 116 b,𐙂𐘁𐙉𐄙𐝫𐙘𐄐𐄋𐙖𐄐𐄍
HT 117 a,𐙁𐘾𐘭𐘃𐄁𐘸𐘁𐄁𐘉𐘻𐘅𐘤𐄁𐘉𐘲𐄇𐘻𐘹𐄇𐙂𐘴𐘕𐄇𐙁𐘘𐄇𐙂𐘰𐘯𐄇𐘹𐘶𐙁𐄇𐘉𐘆𐘻𐄇𐘻𐘘𐘳𐘴𐘙𐄇𐘃𐘱𐘙𐄇𐘅𐘀𐘙𐄇𐙂𐘁𐄐—𐘞𐘳𐄁𐙂𐙂𐘀𐘴𐄇𐘺𐘞𐘚𐘠𐄇𐘀𐘻𐘯𐄇𐘀𐘗𐙂𐘠𐄇𐘸𐘀𐘁𐄇
HT 117 b,𐘐𐘹𐘗𐄁𐙂𐘙𐘶𐄇𐘆𐘸𐘈𐄇
HT 118,𐙄𐄁𐛀𐄁𐙁𐘆𐄐𐄋𐘸𐄐𐘌𐘌𐘘𐄌𐘸𐄊𐘇𐘭𐘲𐄊𐘸𐄇𐘭𐘘𐙁𐄐𐙂𐘁𐄒𐘸𐄐𐄋𐝫
HT 119,𐙳𐄒𐄊𐙇𐄕𐄍𐘭𐘻𐘤𐄐𐄉𐘺𐘱𐄐𐙂𐘰𐘅𐘹𐄍𐘠𐄍𐘱𐚅𐄐𐙚𐘹𐄈𐙳𐘶𐄎𐙂𐘁𐄙𐄕
HT 12,𐘌𐘠𐘀𐘃𐄁𐜉𐄋𐙘𐄋𐘿𐘹𐘗𐄁𐚻𐄇𐘡𐄒𐛢𐄁𐙈𐄋𐜚𐄉𐘝𐄇𐚼𐝇𐘀𐘚𐄔
HT 120,𐘀𐘿𐘴𐄁𐘀𐘋𐛷𐄖𐄊𐛭𐄕𐄈𐝆𐝀𐘀𐘉𐘪𐄁𐘚𐛭𐄑𐘸𐘙𐘳𐘅𐛳𐄕𐛭𐄓𐄎𐘂𐘚𐘄𐄉𐝂
HT 121,𐘸𐘭𐘷𐜘𐄐𐘞𐘽𐙉𐄋𐙖𐄊𐘝𐄈𐙍𐄉𐘖𐄉
HT 122 a,𐝫𐘴𐘭𐄁𐘉𐘦𐘍𐄈𐝫𐄈𐘀𐘤𐙈𐄈𐘂𐝫𐄁𐝫𐘆𐄇𐘃𐘸𐄈𐘌𐙠𐘚𐄉𐘱𐘻𐘀𐘙𐄇𐘤𐘀𐘙𐄇𐙰𐘆𐘴𐄇𐘂𐘦𐄇𐙂𐘰𐘯𐄇𐘂𐘳𐘗𐄇𐙚𐘹𐄇𐝫𐘬𐄇𐙂𐘰𐘯𐄇𐘀𐘭𐘀𐄇𐙂𐘁𐄒𐄇𐙂𐘀𐄇
HT 122 b,𐘧𐘆𐄁𐚆𐄁𐙇𐝫𐙚𐘸𐘷𐄍𐝫𐝫𐘇𐘴𐘶𐘉𐘦𐘍𐄈𐘌𐘌𐘘𐄈𐘆𐄈𐘀𐘙𐄈𐙂𐘁𐄕𐄋𐘊𐘄𐙂𐘁𐄘𐄍
HT 123 a,𐘸𐘳𐘚𐄁𐙋𐄒𐄇𐙜𐄎𐝃𐘸𐘁𐄇𐝎𐘫𐙍𐙋𐄒𐄇𐝆𐙜𐄎𐝕𐘸𐘁𐝎𐘞𐘘𐙋𐄐𐄌𐙜𐄊𐝀𐝫𐘸𐘁𐝆𐝃𐘀𐘹𐙋𐄐𐄋𐙜𐄊𐝃𐘸𐘁𐝕𐙂𐘁𐙋𐄘𐄉𐝆𐙜𐄁𐙂𐘁𐝫𐄑𐄋𐝅𐘸𐘁𐄌𐝫
HT 123 b,𐙓𐙜𐄐𐄇𐙢𐄇𐝕𐘠𐘀𐘳𐄁𐘢𐘞𐄊𐙓𐄇𐙓𐘬𐄐𐘹𐘂𐘆𐘀𐝆𐝉𐘾𐘅𐝫𐘤𐘬𐝀𐘬𐙁𐘚𐘅𐝃𐝄𐙂𐘁𐄑𐘸𐘁𐄋
HT 125 a,𐝫𐝫𐘽𐝫𐜓𐄇𐝂𐜋𐝫𐜗𐄇𐝆𐝫𐘞𐘽𐙉𐄈𐙖𐝫𐄇
HT 125 b,𐝫𐝫𐝫𐄑𐝫𐘙𐘷𐛭𐄑𐛵𐄍𐝆𐙘𐄐𐘝𐄑𐄉
HT 126 a,𐘀𐘅𐘤𐄁𐙪𐄁𐝫𐘇𐘅𐝫𐄁𐝫𐄇𐘉𐝫𐝆𐘤𐘆𐘱𐄇𐝫𐘉𐘪𐄇𐘢𐝫𐄕𐄈𐝫𐄈𐝫𐝫
HT 126 b,𐝫𐙙𐄉𐝫𐄌𐙆𐄊𐄁𐘐𐝫𐝫𐙆𐝫𐘹𐄌𐝫
HT 127 a,𐝫𐝫𐝫𐘬𐘗𐘻𐄇𐝫𐝫𐜝𐘀𐘨𐙂𐄇
HT 127 b,𐝫𐝫𐝫𐘗𐄐𐄉𐝫𐙂𐘁𐙛𐄙𐄔𐄌𐙂𐄖𐄈𐛫𐄑𐄊𐛖𐄐𐄋𐙕𐄐𐄇𐛖𐄐𐄊𐙂𐘁𐄚𐄘𐄈
HT 128 a,𐙲𐄁𐘂𐘴𐘹𐘘𐘯𐘈𐘋𐙉𐝫𐄐𐘮𐘹𐙁𐘙𐛲𐄐𐄈𐝫𐘻𐘳𐛭𐝆𐝫𐛲𐄌𐘆𐝫𐛲𐄊𐙁𐘭𐝫
HT 128 b,𐛲𐄌𐙇𐙵𐛲𐄇𐘘𐝫𐄁𐝫𐛲𐄌𐝫
HT 129,𐘸𐘙𐘷𐙉𐄒𐄉𐝆𐝁𐙘𐄐𐘝𐄑𐄈𐘹𐘐𐘭𐘅𐙉𐄓𐝆𐜉𐄇𐝫𐝫𐜓𐄌𐙖𐝫𐝫
HT 13,𐘾𐘉𐘦𐘳𐙍𐄁𐘃𐄁𐘙𐘍𐄋𐝫𐝆𐝫𐘃𐘹𐄔𐄌𐘃𐘸𐄑𐄍𐝆𐙂𐙀𐘝𐄐𐄎𐘀𐘤𐙈𐄐𐄏𐘚𐘬𐘗𐘤𐄋𐙂𐘁𐄙𐄒𐝆
HT 130,𐝫𐘤𐄉𐘞𐘽𐙗𐝫𐝫𐘽𐝫𐝫𐙂𐘁𐝫—𐘤𐙗𐄎𐘝𐄌𐙍𐄉
HT 131 a,𐝫𐝫𐘝𐄕𐄈𐙂𐝫𐝫𐄛𐄔𐄉𐘚𐘌𐝫𐙈𐙉𐄔𐄎𐝫𐙖𐄐𐄈𐝆𐙘𐄐𐄈𐝆𐝃
HT 131 b,𐝫𐝫𐝫𐘝𐄒𐝫𐝫𐙋𐄈𐛼𐝫—𐘊𐘄𐙂𐘁𐝫𐄜𐄔𐄈𐝆𐝫
HT 132,𐘇𐘈𐄁𐙫𐄋𐘌𐘙𐘄𐄁𐘐𐄑𐄍𐘰𐄁𐙙𐄇𐝫𐝫𐝫
HT 133,𐘇𐘬𐄁𐘃𐛬𐄔𐄋
HT 135 a,𐝫𐝫𐘗𐘻𐘅𐄐𐝫𐝫𐘻𐘹𐄁𐘻𐘾𐝫𐄇𐘅𐘐𐘗𐝫𐘻𐄈
HT 135 b,𐝫𐝫𐄁𐝫𐘳𐘗𐝫𐄈𐘐𐄒𐝫
HT 136,𐄑𐄉𐝫𐝫
HT 136 a,𐝫𐝫
HT 136 b,𐝫𐝫𐄑𐄊𐝫
HT 137,𐝫𐝫𐘷𐙉𐝫𐄉𐜗𐄌𐝫𐝫𐙖𐄈𐝫𐝫
HT 139,𐝫𐘫𐙁𐙂𐝫𐙉𐝫𐄇𐙖𐝆𐝫𐘾𐘽𐝫
HT 14,𐘫𐙍𐄁𐘃𐄁𐙉𐄒𐜗𐄉𐜉𐄉𐙘𐄏𐙋𐄐𐄉𐘇𐘜𐘅𐘬𐙉𐄓𐄋𐜗𐄋𐜉𐄊𐙘𐄌𐙋𐄐𐄊
HT 140,𐘉𐘟𐘤𐄁𐙅𐘤𐘝𐄁𐄇𐝫𐘧𐘆𐄁𐜓𐄇𐝆𐄁𐘉𐘟𐘤𐝫𐄁𐝫𐙅𐘤𐙈𐘾𐄉𐘾𐝫𐙁𐝫𐘾𐝫𐄊𐜋𐄉𐘾𐄇𐜋𐄇𐝫𐘾𐄇𐜋𐄈𐘾𐘂𐝆𐝫𐜋𐄌𐝆
HT 141,𐝫𐄇𐘇𐘭𐝫𐝫𐘘𐘆𐝫𐝫
HT 142,𐝫𐝫𐝫𐝫𐝫
HT 144,𐝫𐄁𐘵𐝫𐝫𐝫
HT 146,𐝫𐝫𐘿𐝫𐄒𐘭𐙙𐄒𐙁𐄒𐘭𐘾𐘳𐄒
HT 147,𐝫𐝫𐘴𐝅𐝫𐝆𐝫𐘝𐝫𐝫
HT 15,𐘉𐘟𐘤𐙉𐘬𐙌𐘇𐄞𐄗𐄊𐛹𐄝𐄖𐙓𐄁𐘸𐘁𐄜𐝫
HT 154,𐛀𐄁𐘠𐝫𐄙𐝫𐝫𐄍𐝫𐄓𐝫𐘸𐝫𐝫
HT 154 A,𐝫𐘹𐘋𐘂𐘱𐝫𐙋𐝫𐙉𐝫𐝫𐝫𐙂𐄌𐝫𐘳𐄌
HT 154 B,𐝫𐄁𐙉
HT 154 C,𐝫𐘅𐝫𐄈𐝆𐝫𐝫
HT 154 E,𐝫𐝫𐘝𐄐𐄊𐝫𐄉𐝃
HT 154 G,𐝫𐝫𐄌𐝆𐝫
HT 154 J a,𐝫𐝫𐝫𐘯𐘃𐝫𐝫
HT 154 J b,𐝫𐝫𐝫
HT 154 K,𐝫𐝫𐝫𐄈𐝫
HT 154 L,𐝫𐝫𐄈𐝫
HT 154 M,𐝫𐝫
HT 154 N,𐝫𐝫𐘤𐝫𐝫𐄌𐘤𐝫𐝫𐝫
HT 16,𐘾𐙂𐘂𐄁𐘆𐘅𐘉𐝄𐄁𐘮𐝁𐜇𐝃𐝄𐘞𐘊𐘼𐝇
HT 17,𐘴𐙐𐘠𐄁𐘃𐄁𐙍𐄒𐄍𐘞𐘁𐄐𐘤𐘀𐘙𐄋
HT 18,𐘂𐘈𐛱𐄑𐜓𐄈𐙘𐄉𐘞𐘽𐙉𐄐𐘝𐄐
HT 19,𐘴𐙐𐘠𐄁𐘃𐄁𐙍𐄒𐘞𐘁𐄋𐝆𐘬𐘋𐘆𐄓𐄉𐝆
HT 2,𐘇𐘾𐘘𐄁𐜋𐄑𐝫𐝫𐜊𐄐𐄍𐜎𐄉𐝫𐝫𐘸𐘙𐘳𐘅𐜋𐄔𐄊𐝫𐝫𐜊𐄓𐄍𐄇
HT 20,𐘂𐘁𐘲𐄁𐙂𐙁𐘶𐝃𐘿𐙂𐘙𐄁𐘆𐝆𐘑𐝄𐘞𐘙𐘶𐝄𐘮𐝃𐜇𐝆
HT 21,𐘢𐘳𐘾𐘈𐄁𐘃𐄁𐙉𐄙𐄕𐄇𐜋𐄐𐄇𐜎𐄉𐝕𐙘𐄍𐝕𐙋𐄇𐝃
HT 22,𐝫𐛸𐄚𐄒—𐜣𐄙𐄐𐄉
HT 23 a,𐘾𐘅𐄁𐙗𐝁𐙜𐝅𐜍𐝅𐜖𐝅𐜏𐝅𐛚𐝅𐙍𐄐𐚹𐄐𐚺𐄐𐘡𐄐𐄍𐘐𐘭𐘹𐘌𐝇𐘞𐘞𐘋𐝇𐛊𐄐𐘺𐘘𐄇
HT 23 b,𐘝𐘴𐙗𐝁𐙖𐝫𐝁𐛚𐝫𐘕𐝫𐚻𐝫𐚹𐄇𐝫𐘡𐄍𐝫𐝫𐝫
HT 24 a,𐙂𐘰𐘭𐘱𐘸𐙁𐘘𐝫𐝫𐄌𐙁𐘘𐘋𐄐𐝫𐄏𐝆𐙁𐘘𐘋𐄌𐘂𐘞𐘭𐘱𐛢𐝫𐘘𐘚𐘺𐛢𐝫
HT 24 b,𐝫𐙈𐄇𐝕𐛋𐙈𐄇𐝕𐛒𐙈𐄇
HT 25 a,𐝫𐝫𐄇𐘆𐘅𐘉𐝫𐝫𐘘𐘝𐄇𐘉𐘙𐘣𐄇𐘆𐘅𐘉𐄇𐘇𐘭𐘝𐘳𐄇𐘹𐘿𐘯𐝫𐝫𐙀𐘶𐘜𐄇𐘬𐘘𐘣𐝫𐝫𐘚𐘸𐘴𐄇𐘂𐄇
HT 25 b,𐝫𐝫𐙂𐘁𐄐𐄌𐘣𐘃𐘁𐄁𐘚𐘠𐙇𐄑𐄎𐙇𐄑𐄊𐙂𐘁𐄔𐄈
HT 26 a,𐜮𐄁𐙢𐘃𐘃𐄁𐘳𐘠𐄑𐄇𐘻𐘸𐘈𐘅𐄐𐄋𐘉𐘯𐘐𐄋𐝫𐝫
HT 26 b,𐄁𐜮𐄁𐙇𐄏𐝫𐘁𐘝𐄉𐘾𐘉𐙀𐘝𐄊𐛖𐄐𐄈𐘚𐙜𐄈𐝫𐙓𐙅𐄍𐝫𐝫
HT 27 a,𐘠𐘝𐘳𐄁𐙛𐄁𐙇𐄘𐝫𐄔𐙅𐄔𐄇𐘙𐄑𐝫𐘚𐘻𐘞𐘴𐄓𐄉𐝫𐘿𐄑𐄇𐘸𐘀𐝫𐘸𐙠𐄁𐙂𐙙𐝫𐘞𐘴𐘆𐄋𐙇𐄓𐄈𐙂𐘁𐄛𐄒𐄋𐙗𐄏𐝆𐝃𐝁𐘝𐄐𐝁𐙍𐄍
HT 27 b,𐝫𐘻𐘀𐄁𐛾𐄁𐘞𐄍𐝫𐙍𐙉𐄁𐘞𐄇𐘙𐄐𐄊𐙍𐘤𐝫𐘂𐘈𐄁𐛽𐄁𐘞𐄊𐘙𐄖𐙍𐝫𐄁𐝫𐙉𐄁𐘞𐄊𐘙𐝫𐄓
HT 28 a,𐘇𐘤𐘱𐘾𐄁𐘱𐘐𐄁𐛱𐄋𐜋𐄈𐜓𐝆𐜗𐄇𐜖𐝉𐘞𐘽𐜉𐄇𐘝𐄈𐙍𐄉𐛧𐙍𐄌𐘇𐘘𐘀𐘴𐙉𐄋𐙘𐄈𐜉𐄉𐘚𐘳𐘱𐜉𐄐
HT 28 b,𐘇𐘤𐘱𐘾𐄁𐘉𐘻𐄁𐘅𐘤𐘞𐘽𐙉𐄑𐜉𐄋𐘝𐄈𐙍𐄊𐘫𐘽𐘝𐄌𐘱𐘐𐙍𐄌𐘣𐘆𐘅𐜉𐄉𐙍𐄉𐝫𐝃𐝫
HT 29,𐘘𐙁𐘳𐄈𐝫𐝫𐄁𐝫𐄇𐘂𐘱𐘙𐄈𐝫𐝫𐘆𐘱𐘚𐄈𐘞𐙯𐘻𐄇𐝫𐄁𐝫𐘸𐘳𐄈𐘇𐘙𐘀𐘚𐄈𐘾𐘬𐙁𐘗𐄇
HT 3,𐝫𐝫𐙁𐝫𐘆𐘅𐝫𐝫𐄈𐘿𐘽𐘱𐝫𐝫𐄈𐘆𐄈𐝫𐄊𐘕𐘘𐄇𐘘𐝫𐝫𐘤𐘹𐘽𐘙𐄋𐘆𐝫𐝫𐙂𐘰𐘯𐄉𐝫𐝫𐙁𐘆𐄈𐘀𐝫
HT 30,𐘤𐄊𐘞𐘽𐙗𐝫𐝫𐄐𐄊𐝆𐘝𐄍𐝂𐙍𐄎𐝆𐜐𐝓𐚻𐝂𐘞𐘴𐘴𐝆𐘖𐄊𐘸𐘁𐄁𐙗𐄎𐘝𐝓𐙍𐝆𐘖𐄇𐝫𐝂𐜐𐝂𐝫
HT 31,𐝫𐄁𐝫𐘠𐘞𐄁𐘫𐘺𐄁𐚪𐝫𐝫𐄋𐚢𐘌𐘰𐄐𐚯𐘲𐘫𐄐𐝫𐚰𐘾𐘁𐘰𐄐𐘞𐘱𐙁𐄒𐝫𐝫𐄐𐘸𐘦𐙁𐙯𐘅𐝫𐚢𐝫𐄜𐚢𐘲𐘰𐘴𐄛𐚢𐘂𐘳𐘿𐄤
HT 32,𐙛𐘞𐘽𐄁𐙜𐝆𐜍𐝆𐝇𐚻𐄇𐝇𐚹𐄇𐛚𐄇𐘲𐘙𐄁𐄙𐄎𐘆𐄕𐄋𐜍𐝫𐘙𐄙𐄊𐘆𐄔𐄉
HT 33,𐝫𐄁𐘞𐘽𐄁𐜫𐚺𐄇𐝃𐚹𐝉𐝋𐝫𐝫𐄉𐛆𐝃𐝉𐛜𐝂𐙙𐄘𐜦𐄙𐛐𐄙
HT 34,𐘀𐘶𐘃𐄁𐘤𐛀𐄁𐘞𐘽𐄁𐛜𐝫𐝁𐘡𐄁𐙉𐄚𐝫𐛅𐄈𐝅𐝇𐚻𐝀𐚹𐝃𐛛𐄚𐄓𐄋𐛂𐄙𐘰𐄖𐘸𐘁𐄒𐄍𐛆𐝇𐘫𐝄
HT 35,𐘠𐘠𐙂𐄁𐙲𐄁𐘚𐙂𐘳𐙗𐄇𐛚𐝁𐜏𐝁𐙜𐝁𐜐𐝫𐘡𐄋𐚻𐝇𐙍𐝂
HT 36,𐘧𐘆𐜠𐛱𐄑𐄓𐄊𐝆𐘬𐙀𐘮𐄍𐝆𐝫𐄌
HT 37,𐛛𐄁𐘾𐘸𐄁𐄁𐘲𐝫𐝫𐘙𐘲𐝫𐄌𐝫𐘸𐙠𐘙𐄇𐘸𐘁𐄁𐘾𐘸𐄐𐄇𐘇𐄐𐄋𐝫𐄁𐝫𐘿𐄐𐄍
HT 38,𐝫𐝫𐘀𐘁𐘂𐚣𐄇𐙄𐄇𐘒𐄉𐛞𐙈𐄉𐛎𐄈𐛏𐄇
HT 39,𐘳𐘚𐙌𐄐𐝫𐝫𐙂𐘙𐘶𐄎𐙂𐝫𐝫𐘞𐙁𐘠𐄐𐙂𐘙𐝫𐝫𐙂𐘁𐜯𐄙𐝫𐛤𐄈𐝫𐛍𐝫𐝫
HT 4,𐝫𐝫𐙚𐘠𐘾𐘇𐘙𐝫𐘬𐘭𐘃𐄈𐘂𐘙𐝫𐘳𐘢𐘤𐘆𐄇
HT 40,𐘯𐘬𐙷𐄁𐘃𐄁𐙉𐄚𐄍𐘸𐘀𐘳𐄁𐙉𐝫𐄙𐄒𐄊𐙂𐘁𐝫𐙂𐝫𐝫
HT 41 a,𐝫𐝫𐝫𐘿𐘹𐄐𐙙𐄁𐙘𐄐𐘙𐄁𐙘𐄐𐘻𐘀𐘝𐄁𐘂𐘱𐄈𐝂𐝂
HT 41 b,𐝫𐝫—
HT 42 + 59,𐝫𐘳𐄁𐛉𐄁𐘃𐄁𐜓𐄎𐜋𐝫𐝫𐄍𐘞𐘁𐜓𐄎𐜋𐄈𐝫𐝫𐄈𐙂𐝫𐙖𐝫𐝫𐜗𐄈𐘲𐘬𐝫𐝫𐘙𐘃𐜓𐝫𐝕𐜋𐝫
HT 43,𐙁𐘤𐘬𐄁𐘂𐚂𐘚𐄁𐘚𐄁𐛭𐄋𐝫
HT 44 a,𐘚𐘌𐙈𐄁𐙉𐝫𐜒𐄉𐜋𐄋𐝫𐜑𐄋𐙋𐄇𐝫𐝫𐘝𐄇𐙍𐝫𐝫
HT 44 b,𐝫𐘱𐄁𐘃𐛵𐝫𐝫𐄋𐘝𐝫𐝫𐙍𐄖𐄋𐝫𐄐𐄎𐝫𐄐𐝫
HT 45 a,𐝫𐝫𐝉𐘂𐝫𐝫𐙅𐄁𐙙𐄈𐝫𐝫𐙪𐄁𐙙𐄈
HT 45 b,𐝫—𐝫𐄎𐝓𐚺𐝉𐝫𐙂𐝃—𐙪𐄁𐙙𐄍𐚺𐝉𐘂𐝫𐄁𐝫𐘇𐄑𐝁𐄁𐙂𐝃𐙂𐝃
HT 46 a,𐝫𐝫𐘕𐘘𐄇𐝫𐝫𐙂𐘁𐄓𐄉𐝆
HT 46 b,𐝫𐝫𐝫𐄐𐄌𐝆𐝫𐄈𐄊
HT 47 a,𐘾𐝫𐛗𐄁𐙂𐘰𐘅𐘹𐄑𐝫𐝫𐘬𐄑𐝫𐘉𐝫𐘢𐄐𐘸𐘀𐘁𐝫𐝫𐄋𐝫𐘻𐘯𐘻
HT 47 b,𐝫𐘴𐘅𐘙𐝫𐝫
HT 49 a,𐝫𐝫𐄁𐝫𐘽𐘬𐝫𐝫𐘳𐘅𐘠𐄁𐄇𐝫𐝫𐘭𐄇𐘲𐘸𐝫𐝫𐄇𐘠𐘬𐘝𐄇𐝫𐝫𐘤𐘴𐄇𐘇𐘘𐄇𐚞𐄇𐙢𐄇𐙂𐘰𐘯𐄇𐘹𐘲𐘜𐄇𐘸𐄇—𐝫𐄋𐘹𐄊𐘸𐄇𐝫𐝫
HT 49 b,𐝫𐝫𐙂𐝫𐝫𐘚𐘸𐝫𐘳—𐝫𐝫𐘾𐝫𐝫
HT 5,𐝫𐝫𐙛𐝫𐝫𐙁𐘤𐄒𐝫𐝫𐘣𐘬𐄐𐝫𐝫𐝫
HT 50 a,𐝫—𐝫𐙉𐝫𐝫𐝃𐜓𐝃𐜗𐝫𐝆𐜎𐝆𐙘𐄇𐝆𐝫𐙋𐄉𐛺𐝃𐝄
HT 50 b,𐝫𐝫𐜓𐝫𐝫𐜉𐄇𐝫
HT 51 a,𐝫𐄋𐘝𐄁𐘃𐄁𐙁𐝫𐝫𐘈𐄕𐄊𐘠𐘝𐝫𐝫𐘙𐝫𐝫
HT 51 b,𐝫𐙂𐘋𐘳𐄐𐄈𐝫𐝫𐙀𐘬𐝆𐝄𐘤𐝫𐝫𐝫
HT 52 a,𐘞𐙁𐄁𐘃𐄁𐝫𐝫𐄊𐘆𐘾𐘸𐝫𐝫𐝫
HT 52 b,𐝫𐘗𐄁𐙉𐄚𐄇𐝫𐝫𐝫
HT 53 a,𐝫𐝫𐘞𐘗𐝫𐝫𐝫𐄓𐝫𐙖𐝫𐝫𐄙𐘴𐝫𐝫
HT 53 b,𐝫𐝫𐝫𐄐𐄎𐝫𐝫𐝫𐙂𐘙𐝫𐝫
HT 54 a,𐝫𐝫𐝫𐙂𐘻𐘅𐘿𐝫𐝫𐘸𐘻𐘽𐝫𐝫
HT 54 b,𐝫𐝫𐄊𐘸𐝫𐝫𐝫
HT 55 a,𐝫𐘸𐘁𐄁𐙁𐘙𐄇𐝫𐝫𐙕𐄇𐘤𐘘𐄇𐘗𐝫𐝫𐘹𐄇𐝫𐝫𐝫
HT 55 b,𐝫𐘃𐄇𐘿𐝫𐝫𐘭𐘱𐄇𐘚𐝫𐝫𐝫
HT 56 a,𐙓𐄁𐘞𐝫𐝫𐄐𐄇𐝆𐘉𐝫𐝫
HT 56 b,𐜓𐄑𐝫—𐝫𐝫
HT 57 a,𐘀𐘿𐘴𐝫𐝫𐄇𐘇𐝫𐝫𐝄𐝫𐝫
HT 57 b,𐝫𐙙𐄎𐝫𐝫
HT 58,𐘿𐘠𐘴𐘬𐄁𐙇𐝫𐜋𐄐𐄏𐜗𐝫𐝫𐜎𐄉𐙋𐄓𐄇𐝫𐘉𐘸𐝫𐝫
HT 6 a,𐘾𐘂𐄁𐘀𐘳𐘴𐄁𐘃𐄁𐘝𐄐𐄋𐘢𐘳𐘱𐄑𐄊𐛑𐝓𐙁𐙭𐄐𐘵𐘽𐘆𐘗𐄈𐘾𐘂𐘿𐄋𐝕𐘀𐘿𐘴𐄁𐘿𐘢𐘳𐄑𐄈𐝕𐘝𐄐𐄋𐝆
HT 6 b,𐘮𐘬𐘝𐘻𐄉𐝅𐝢𐘠𐘈𐄇𐙁𐘭𐘙𐘚𐄉𐘬𐘀𐙁𐄕𐄌𐘀𐘸𐄉𐝃𐘞𐙁𐄒𐄋𐘰𐘝𐘅𐄐𐄍𐝆
HT 60,𐝫𐝫𐜏𐝇𐛙𐝫𐝇𐙍𐝇𐝃𐄋𐚹𐝫𐝫𐚻𐝉𐝫
HT 61,𐝫𐝫𐘻𐘠𐄁𐛲𐄌𐝫𐝫𐄁𐝫𐘅𐙉𐄐𐄋𐝃𐘾𐙂𐄊𐝫
HT 62,𐝫𐄐𐄎𐘛𐘠𐝫𐄁𐝫𐄌𐘆𐝫𐝫𐄊𐝃𐘾𐝫𐝫𐙇𐝫𐄊𐘺𐝫𐝫𐘯𐄐𐄍𐝫𐝫𐄑𐄋𐝫𐝫
HT 62 + 73,𐝫𐘞𐘴𐄁𐘃𐄁𐙍𐝫
HT 63,𐙙𐄁𐘃𐄇𐘾𐘠𐄇𐘲𐘜𐝫𐙀𐄈𐝫𐝫
HT 64,𐝫𐝫𐙂𐙀𐘅𐝫𐘅𐄈𐘘𐙁𐝫𐄉𐘑𐄌𐝫𐝫
HT 65,𐝫𐜤𐝇𐝫
HT 66,𐙀𐄁𐙇𐄁𐝫𐝫𐘆𐄈𐘳𐝫𐝫𐘳𐘻𐝫𐝫𐘙𐄇𐝫
HT 67,𐝫𐝫𐝫𐙂𐘁𐄜𐄑𐝫𐝫𐘝𐄁𐘃𐄜𐝫
HT 68,𐝫𐄁𐝫𐘶𐄁𐙇𐝫𐝫𐄊𐝫𐝫
HT 69,𐝫𐝫𐄋𐘆𐄎𐝫𐝫𐙁𐘆𐄊𐝫𐝫𐘆𐄐𐄈𐝫𐝫
HT 7 a,𐘿𐘠𐄁𐙇𐘚𐘘𐘱𐄉𐘬𐘱𐄊𐘳𐘅𐘠𐄇𐘀𐘙𐄇𐘃𐘹𐄇
HT 7 b,𐘐𐘹𐘗𐄇𐘀𐘘𐙵𐄈
HT 70,𐝫𐘝𐄁𐘃𐄒𐝫𐝫𐘌𐙈𐘞𐄈𐝃𐝫𐘚𐄉𐝫𐝫𐝫
HT 72,𐘤𐙇𐝫𐄁𐝫𐝫𐝫
HT 73,𐝫𐙂𐝫𐝫𐄇𐘂𐘚𐘸𐝫𐝫𐄎𐘞𐘁𐘿𐝫𐝫𐄑𐄎𐝫𐝫
HT 73 + 62,𐝫
HT 74,𐝫𐝫𐝫𐙂𐘁𐄑𐝫𐝫
HT 75,𐘾𐘘𐝫—𐝫
HT 78,𐝫—𐝫𐘕𐙢𐝫—𐝫
HT 79 + 83,𐝫𐘚𐄁𐙙𐝫𐘾𐄁𐘀𐘰𐝫𐘹𐘂𐘭𐄇𐝫𐘹𐝫𐄁𐝫𐄉𐝫𐙂𐘝𐝫𐙀𐄉𐝫
HT 8 a,𐘧𐘆𐜓𐄐𐘰𐘾𐘴𐘠𐄇𐝆𐘂𐄉𐝆𐘃𐙕𐄈𐘌𐙠𐘚𐝕𐘤𐘸𐘴𐝃𐘸𐘙𐘳𐘅𐝆
HT 8 b,𐘲𐘜𐙓𐄇—𐄋𐘰𐙓𐄈𐘌𐙠𐘚𐄇𐝃𐝄𐘾𐘂𐝆𐘂𐘱𐘙𐄇𐝄𐛥𐝆𐝆
HT 80,𐝫𐝫𐘶𐘴𐝫𐝫
HT 81,𐘇𐘈𐄁𐛚𐄁𐝅𐝫𐝫𐘭𐘲𐙁𐝋𐘸𐝫𐝫
HT 82,𐝫𐝫𐛮𐝇𐝫𐜜𐝃𐝫𐝫
HT 84,𐘐𐘱𐘬𐝫𐝫𐘯𐘠𐄁𐙇𐝫𐝫𐝫
HT 85 a,𐘇𐘬𐄁𐜠𐄁𐙇𐄁𐘀𐘭𐘀𐄐𐄈𐘰𐘝𐄐𐄈𐘉𐙱𐘍𐄌𐘀𐘤𐙈𐄑𐄊𐙂𐙀𐘝𐄋𐘃𐘥𐄉𐘀𐘙𐄊𐙂𐘁𐝫𐄕𐄌
HT 85 b,𐘸𐘸𐘴𐘱𐄁𐘸𐘙𐘷𐄇𐘿𐘾𐄇𐘂𐄇𐘃𐘹𐝫𐄇𐘾𐄇𐘆𐄇𐘋𐘍𐄇𐘙𐘆𐘈𐄇𐘮𐘬𐘝𐘻𐄇𐙁𐘆𐄇𐘌𐙠𐘚𐄇
HT 86 a,𐘇𐘾𐘘𐄁𐙂𐘝𐘲𐛷𐄑𐘞𐘘𐄑𐘆𐘦𐘘𐄑𐘌𐘽𐘮𐄐—𐘇𐘬𐄁𐘀𐘋𐛳𐄑𐘻𐘯𐘃𐄑
HT 86 b,𐘇𐘾𐘘𐄁𐙂𐘝𐘲𐛷𐄑𐘞𐘘𐄑𐘆𐘦
HT 87,𐘐𐘹𐘗𐄁𐙁𐘾𐘭𐘃𐄁𐘢𐘳𐘥𐘤𐄇𐘱𐘙𐘻𐄇𐘆𐘸𐘈𐄇𐘿𐘲𐘫𐄇𐙂𐘘𐙂𐄇𐘇𐘴𐝫𐄁𐝫𐘇𐘹𐄇
HT 88,𐘇𐘬𐛧𐄑𐘙𐘍𐄌𐘝𐄁𐘸𐘸𐘅𐄍𐘸𐘁𐄁𐙂𐘰𐘰𐄇𐘾𐘶𐄇𐙂𐘰𐘯𐄇𐘂𐘱𐘙𐄇𐘞𐙁𐘁𐄇𐘀𐘳𐘙𐄇𐙂𐘁𐄌
HT 89,𐘇𐘞𐘽𐄁𐙛𐄁𐙙𐄑𐄉𐛕𐄑𐄈𐙁𐘚𐘻𐄑𐄊𐛩𐄐𐄉𐘳𐘴𐄋𐙂𐘁𐄗𐄍𐙗𐄈𐝆𐝃𐘝𐄈𐝃𐙍𐄌𐝫
HT 9 a,𐘞𐘁𐄁𐘃𐄁𐙍𐄁𐘂𐘦𐄁𐄋𐝕𐙚𐘹𐄐𐘆𐘅𐘉𐄊𐘿𐘫𐄈𐙰𐘆𐘴𐄈𐝆𐘳𐘚𐙌𐄈𐝆𐘇𐘘𐄊𐝃𐙂𐘁𐄒𐄇𐝆𐝃
HT 9 b,𐘰𐄁𐘮𐘱𐘢𐝫—𐘾𐙙𐄁𐘂𐘦𐄉𐘇𐘤𐄉𐙚𐘹𐄎𐙰𐘆𐘴𐄈𐘿𐘫𐄈𐘳𐘚𐙌𐄈𐘆𐘅𐘉𐄊𐙂𐘁𐄑𐄊
HT 90,𐘚𐙂𐘭𐘅𐘞𐘽𐙉𐄑𐘝𐄐𐜉𐄉𐘤𐘘𐙁𐘭𐘷𐙉𐄇𐘝𐄇𐜗𐄇𐙘𐄇
HT 91,𐘚𐘾𐄁𐙲𐄁𐙉𐝎𐙘𐝀𐄁𐜓𐝀𐜋𐝀𐜗𐝀𐙋𐝀𐘝𐝀𐙍𐝀𐘡𐄋𐘃𐘭𐄁𐜗𐝀𐘡𐄉𐝫𐝫
HT 92,𐘃𐄁𐘇𐘬𐄁𐙉𐄞𐄗𐙘𐄐𐄈
HT 93 a,𐘰𐘝𐘅𐄁𐙉𐘰𐄁𐚿𐄐𐄈𐘆𐘭𐘅𐄁𐚴𐄓𐄉𐝆𐘸𐘆𐘝𐄋𐝆𐝅𐘇𐘈𐄁𐘚𐛭𐄑𐄌𐝆𐝃𐘞𐘽𐄑𐘌𐘌𐘘𐄁𐘚𐛭𐄋𐙇𐘚𐄌𐘦𐘶𐙂𐄇𐝆𐘵𐘠𐝫𐄁𐝫𐄉𐘀𐘭𐘀𐚦𐄈𐚃𐄈𐘰𐘝𐘅𐝫𐘂𐘈𐘱𐄑𐙇𐄐𐝄𐝫𐘾𐄊
HT 93 b,𐝫𐄙𐄕𐄋𐝅𐘸𐘁𐝫
HT 94 a,𐘾𐘂𐙇𐄕𐄈𐙅𐄑𐛃𐄍𐛪𐄐𐄎𐘳𐄊𐙂𐘁𐄙𐄐𐘞𐘽𐙗𐄋𐘝𐄉𐝅𐝫𐄈𐙪𐙚𐄐𐄇𐙗𐝓𐘝𐝓𐝫𐄐𐄊𐝆𐘝𐝂
HT 94 b,𐘸𐘁𐄁𐘹𐙁𐄇𐘂𐘳𐘗𐄇𐘦𐘆𐄇𐘥𐘸𐘘𐄇𐘞𐘘𐄇𐙂𐘁𐄋𐙅𐄁𐘴𐝫𐄁𐝫𐘦𐘋𐘃𐄇𐘐𐘹𐝫𐄁𐝫𐄇
HT 95 a,𐘀𐘬𐙁𐘳𐄁𐙉𐘀𐘋𐄐𐘻𐘯𐘃𐄐𐘞𐘘𐄑𐙂𐘝𐘲𐄐𐘆𐘦𐘘𐄐𐘿𐘽𐘉𐄍
HT 95 b,𐘇𐘬𐄁𐘞𐘘𐄐𐝫𐄁𐝫𐘀𐘋𐄐𐘻𐘯𐘃𐄐𐙂𐘝𐘲𐄐𐘆𐘦𐘘𐄐𐘿𐘽𐘉𐄐
HT 96 a,𐘚𐘠𐘠𐙂𐘝𐄁𐘇𐘂𐘴𐘗𐄁𐘇𐙌𐘃𐄁𐘤𐘻𐘳𐙉𐄋𐘘𐘞𐄊𐙯𐙩𐄇𐘢𐘳𐘴𐄁𐄇𐙯𐚄𐄇—𐝫𐙂𐙁𐘁𐄁𐄁𐘃𐘝𐄑𐝫𐘝𐄈—𐝫
HT 96 b,𐘇𐘂𐘴𐘗𐄁𐘌𐙈𐘴𐘙𐄁𐛀𐄁𐙉𐄁𐄓𐝕𐜋𐄊𐘝𐄈𐝇𐝫
HT 97 a,𐘾𐘘𐄁𐜠𐄁𐛧𐄗𐄈𐙳𐄒𐄉𐘾𐘯𐘠𐄑𐄋𐘂𐘚𐘄𐄌𐘆𐄊𐘅𐘠𐄊𐙁𐘆𐄋𐘶𐄐𐄋𐘸𐄉𐙀𐝫𐄋𐘳𐘠𐄈𐘦𐝫𐄁𐝫𐄉𐝫𐘇𐄋𐝫
HT 97 b,𐘞𐙸𐝃
HT 98 a,𐝫𐝫𐘦𐄇𐝫𐝫𐘹𐄇𐘳𐘅𐘠𐝕𐘆𐘙𐘆𐘅𐝆𐘃𐙕𐝕𐘁𐘥𐝆𐘾𐘭𐙠𐘚𐝃
HT 98 b,𐝫𐝫𐙓𐝫𐝫𐙍𐝕𐘀𐘘𐘗𐘃𐝇
HT 99 a,𐘇𐘬𐄁𐘞𐘽𐙗𐄊𐝫𐘝𐄊𐝫𐙍𐄇𐝅𐛱𐝫
HT 99 b,𐛉𐘝𐄌𐘀𐘤𐙈𐄈𐙀𐘬𐄇𐘘𐙁𐘳𐄇
HT W 231A,𐙋
HT W 231B,𐙓
HT W 231C,𐝫𐄁𐝫
HT Wa 1001,𐘀𐘾
HT Wa 1002,𐘀𐘾
HT Wa 1003,𐘀𐘾
HT Wa 1004,𐘀𐘾
HT Wa 1005,𐘀𐘾
HT Wa 1006,𐘚𐘽
HT Wa 1007,𐘚𐘽
HT Wa 1008,𐘚𐘽
HT Wa 1009,𐘚𐘽
HT Wa 1010,𐘚𐘽
HT Wa 1011,𐘚𐘽
HT Wa 1012,𐘚𐘽
HT Wa 1013,𐘚𐘽
HT Wa 1014,𐘤𐘾
HT Wa 1015,𐘤𐘾
HT Wa 1016,𐘤𐘾
HT Wa 1017,𐘤𐘾
HT Wa 1018,𐘤𐘾
HT Wa 1019,𐘂𐘳𐘗𐘤𐘹
HT Wa 1020,𐜝𐙂𐘂𐝃𐘧𐘳𐘅
HT Wa 1021,𐙓𐘬𐄁𐝕𐛉𐛔
HT Wa 1021 bis,𐜝𐝧𐄉
HT Wa 1022,𐛁
HT Wa 1023,𐝃
HT Wa 1024,𐝃
HT Wa 1025,𐝆𐙕
HT Wa 1026,𐝃𐙕
HT Wa 1027,𐘾𐘤
HT Wa 1028,𐘤𐘾
HT Wa 1029,𐙕𐙕
HT Wa 1030,𐙕𐙕
HT Wa 1031,𐘀
HT Wa 1032-1033,𐘁
HT Wa 1034,𐘁
HT Wa 1035-1040,𐘁
HT Wa 1041,𐘁
HT Wa 1042-1043,𐘁
HT Wa 1044,𐘁
HT Wa 1045,𐘁
HT Wa 1046,𐘁
HT Wa 1047,𐘁
HT Wa 1048,𐘁
HT Wa 1049,𐘁
HT Wa 1050-1053,𐘁
HT Wa 1054,𐘁
HT Wa 1055-1058,𐘁
HT Wa 1059,𐘁
HT Wa 1060,𐘁
HT Wa 1061,𐘁
HT Wa 1062,𐘁
HT Wa 1063-1069,𐘁
HT Wa 1070-1072,𐘁
HT Wa 1073,𐘁
HT Wa 1074-1078,𐘁
HT Wa 1079-1085,𐘁
HT Wa 1086,𐘁
HT Wa 1087-1088,𐘁
HT Wa 1089-1093,𐘁
HT Wa 1094,𐘁
HT Wa 1095-1103,𐘁
HT Wa 1104-1106,𐘁
HT Wa 1107,𐘁
HT Wa 1108,𐘁
HT Wa 1109,𐘁
HT Wa 1110,𐘁
HT Wa 1111-1112,𐘁
HT Wa 1113,𐘁
HT Wa 1114,𐘁
HT Wa 1115,𐘁
HT Wa 1116,𐘁
HT Wa 1117,𐘁
HT Wa 1118,𐘁
HT Wa 1119,𐘁
HT Wa 1120,𐘁
HT Wa 1121,𐘁
HT Wa 1122,𐘃𐘃¹¹²³
HT Wa 1123,𐘃
HT Wa 1124,𐘃
HT Wa 1125,𐘃
HT Wa 1126-1129,𐘃
HT Wa 1130,𐘃
HT Wa 1131,𐘃
HT Wa 1132-1133,𐘃
HT Wa 1134,𐘃
HT Wa 1135-1137,𐘃
HT Wa 1138,𐘃
HT Wa 1139,𐘃
HT Wa 1140,𐘃
HT Wa 1141,𐘃
HT Wa 1142,𐘃
HT Wa 1143,𐘃
HT Wa 1144,𐘃
HT Wa 1145,𐘃
HT Wa 1146,𐘃
HT Wa 1147,𐘇𐘇¹¹⁴⁸
HT Wa 1148,𐘇
HT Wa 1149,𐘇
HT Wa 1150,𐘚
HT Wa 1151-1153,𐘚
HT Wa 1154,𐘚
HT Wa 1155,𐘚
HT Wa 1156-1169,𐘚
HT Wa 1170,𐘚
HT Wa 1171-1172,𐘚
HT Wa 1173,𐘚
HT Wa 1174,𐘚
HT Wa 1175,𐘤𐘤¹¹⁹⁹𐘤¹²⁵⁹
HT Wa 1176,𐘤
HT Wa 1177-1180,𐘤
HT Wa 1181-1191,𐘤
HT Wa 1192,𐘤
HT Wa 1193-1198,𐘤
HT Wa 1199,𐘤
HT Wa 1200-1215,𐘤
HT Wa 1216,𐘤
HT Wa 1217-1218,𐘤
HT Wa 1219,𐘤
HT Wa 1220-1223,𐘤
HT Wa 1224,𐘤
HT Wa 1225,𐘤
HT Wa 1226-1231,𐘤
HT Wa 1232-1235,𐘤
HT Wa 1236-1237,𐘤
HT Wa 1238,𐘤
HT Wa 1239-1240,𐘤
HT Wa 1241-1250,𐘤
HT Wa 1251,𐘤
HT Wa 1252-1253,𐘤
HT Wa 1254-1255,𐘤
HT Wa 1256-1257,𐘤
HT Wa 1258,𐘤
HT Wa 1259,𐘤
HT Wa 1260,𐘤
HT Wa 1261,𐘤
HT Wa 1262-1264,𐘤
HT Wa 1265-1266,𐘤
HT Wa 1267,𐘳𐘳¹²⁷⁸
HT Wa 1268,𐘳
HT Wa 1269,𐘳
HT Wa 1270,𐘳
HT Wa 1271-1277,𐘳
HT Wa 1278,𐘳
HT Wa 1279,𐘵
HT Wa 1280,𐘵
HT Wa 1281,𐘵
HT Wa 1282,𐘼𐘼¹²⁸³𐘼¹²⁸⁶𐘼¹³¹¹
HT Wa 1283,𐘼
HT Wa 1284-1285,𐘼
HT Wa 1286,𐘼
HT Wa 1287-1292,𐘼
HT Wa 1293,𐘼
HT Wa 1294,𐘼
HT Wa 1295,𐘼
HT Wa 1296,𐘼
HT Wa 1297-1298,𐘼
HT Wa 1299,𐘼
HT Wa 1300,𐘼
HT Wa 1301,𐘼
HT Wa 1302-1303,𐘼
HT Wa 1304,𐘼
HT Wa 1305,𐘼
HT Wa 1306,𐘼
HT Wa 1307,𐘼
HT Wa 1308,𐘼
HT Wa 1309,𐘼
HT Wa 1310,𐘼
HT Wa 1311,𐘼
HT Wa 1312-1313,𐘼
HT Wa 1314,𐘼
HT Wa 1315,𐘼
HT Wa 1316,𐘼
HT Wa 1317,𐘼
HT Wa 1318,𐘼
HT Wa 1319,𐘼
HT Wa 1320,𐘼
HT Wa 1321,𐘼
HT Wa 1322,𐘾𐘾¹⁴⁵¹
HT Wa 1323,𐘾
HT Wa 1324-1336,𐘾
HT Wa 1337-1351,𐘾
HT Wa 1352-1366,𐘾
HT Wa 1367-1371,𐘾
HT Wa 1372-1379,𐘾
HT Wa 1380,𐘾
HT Wa 1381,𐘾
HT Wa 1382-1396,𐘾
HT Wa 1397-1399,𐘾
HT Wa 1400-1405,𐘾
HT Wa 1406,𐘾
HT Wa 1407,𐘾
HT Wa 1408,𐘾
HT Wa 1409-1411,𐘾
HT Wa 1412-1417,𐘾
HT Wa 1418-1420,𐘾
HT Wa 1421,𐘾
HT Wa 1422,𐘾
HT Wa 1423-1426,𐘾
HT Wa 1427-1441,𐘾
HT Wa 1442-1445,𐘾
HT Wa 1446-1449,𐘾
HT Wa 1450,𐘾
HT Wa 1451,𐘾
HT Wa 1452-1455,𐘾
HT Wa 1456,𐘾
HT Wa 1457-1458,𐘾
HT Wa 1459-1461,𐘾
HT Wa 1462,𐘾
HT Wa 1463,𐘾
HT Wa 1464,𐘾
HT Wa 1465,𐘾
HT Wa 1466,𐘾
HT Wa 1467-1469,𐘾
HT Wa 1470,𐘾
HT Wa 1471,𐙂𐙂¹⁴⁹⁰𐙂¹⁵¹⁸𐙂¹⁵⁴⁷𐙂¹⁵⁸²
HT Wa 1472,𐙂
HT Wa 1473-1480,𐙂
HT Wa 1481-1482,𐙂
HT Wa 1483-1489,𐙂
HT Wa 1490,𐙂
HT Wa 1491-1510,𐙂
HT Wa 1511,𐙂
HT Wa 1512,𐙂
HT Wa 1513-1517,𐙂
HT Wa 1518,𐙂
HT Wa 1519-1527,𐙂
HT Wa 1528,𐙂
HT Wa 1529,𐙂
HT Wa 1530,𐙂
HT Wa 1531,𐙂
HT Wa 1532,𐙂
HT Wa 1533-1537,𐙂
HT Wa 1538-1539,𐙂
HT Wa 1540,𐙂
HT Wa 1541,𐙂
HT Wa 1542,𐙂
HT Wa 1543-1545,𐙂
HT Wa 1546,𐙂
HT Wa 1547,𐙂
HT Wa 1548-1555,𐙂
HT Wa 1556,𐙂
HT Wa 1557,𐙂
HT Wa 1558,𐙂
HT Wa 1559,𐙂
HT Wa 1560,𐙂
HT Wa 1561,𐙂
HT Wa 1562-1565,𐙂
HT Wa 1566,𐙂
HT Wa 1567-1575,𐙂
HT Wa 1576-1578,𐙂
HT Wa 1579-1580,𐙂
HT Wa 1581,𐙂
HT Wa 1582,𐙂
HT Wa 1583-1585,𐙂
HT Wa 1586-1590,𐙂
HT Wa 1591,𐙂
HT Wa 1592,𐙂
HT Wa 1593,𐙂
HT Wa 1594-1595,𐙂
HT Wa 1596-1599,𐙂
HT Wa 1600,𐙂
HT Wa 1601-1604,𐙂
HT Wa 1605,𐙂
HT Wa 1606,𐙂
HT Wa 1607,𐙂
HT Wa 1608,𐙂
HT Wa 1609,𐙂
HT Wa 1610,𐙂
HT Wa 1611,𐙂
HT Wa 1612,𐙂
HT Wa 1613,𐙂
HT Wa 1614,𐙂
HT Wa 1615,𐙂
HT Wa 1616,𐙂
HT Wa 1618,𐙂
HT Wa 1619-1620,𐙂
HT Wa 1621,𐙂
HT Wa 1622,𐙂
HT Wa 1623,𐙕𐙕¹⁶³⁸𐝥¹⁷¹⁰𐙕¹⁷⁷⁵𐝥¹⁸³⁴𐝥¹⁸⁴⁶
HT Wa 1624-1629,𐙕
HT Wa 1630,𐙕
HT Wa 1631,𐙕
HT Wa 1632-1633,𐙕
HT Wa 1634-1637,𐙕
HT Wa 1638,𐙕
HT Wa 1639,𐙕
HT Wa 1640,𐙕
HT Wa 1641-1642,𐙕
HT Wa 1643-1649,𐙕
HT Wa 1650-1651,𐙕
HT Wa 1652,𐙕
HT Wa 1653,𐙕
HT Wa 1654,𐙕
HT Wa 1655-1657,𐙕
HT Wa 1658,𐙕
HT Wa 1659-1660,𐙕
HT Wa 1661-1662,𐙕
HT Wa 1664,𐙕
HT Wa 1665,𐙕
HT Wa 1666-1667,𐙕
HT Wa 1668,𐙕
HT Wa 1669-1670,𐙕
HT Wa 1671,𐙕
HT Wa 1672-1676,𐙕
HT Wa 1677,𐙕
HT Wa 1678,𐙕
HT Wa 1679,𐙕
HT Wa 1680-1686,𐙕
HT Wa 1687-1690,𐙕
HT Wa 1691-1694,𐙕
HT Wa 1695-1696,𐙕
HT Wa 1697,𐙕
HT Wa 1698,𐙕
HT Wa 1699-1707,𐙕
HT Wa 1708,𐙕
HT Wa 1709,𐙕
HT Wa 1710,𐙕
HT Wa 1711,𐙕
HT Wa 1712,𐙕
HT Wa 1713-1718,𐙕
HT Wa 1719-1720,𐙕
HT Wa 1721-1722,𐙕
HT Wa 1723,𐙕
HT Wa 1724,𐙕
HT Wa 1725-1739,𐙕
HT Wa 1740,𐙕
HT Wa 1741,𐙕
HT Wa 1742,𐙕
HT Wa 1743,𐙕
HT Wa 1744,𐙕
HT Wa 1745-1748,𐙕
HT Wa 1749,𐙕
HT Wa 1750,𐙕
HT Wa 1751,𐙕
HT Wa 1752-1754,𐙕
HT Wa 1755,𐙕
HT Wa 1756,𐙕
HT Wa 1757,𐙕
HT Wa 1758,𐙕
HT Wa 1759,𐙕
HT Wa 1760-1761,𐙕
HT Wa 1762,𐙕
HT Wa 1763-1769,𐙕
HT Wa 1770-1773,𐙕
HT Wa 1774-1776,𐙕
HT Wa 1777-1778,𐙕
HT Wa 1779,𐙕
HT Wa 1780-1781,𐙕
HT Wa 1782-1784,𐙕
HT Wa 1785-1789,𐙕
HT Wa 1790,𐙕
HT Wa 1791,𐙕
HT Wa 1792,𐙕
HT Wa 1793,𐙕
HT Wa 1794,𐙕
HT Wa 1795-1796,𐙕
HT Wa 1797-1798,𐙕
HT Wa 1799,𐙕
HT Wa 1800,𐙕
HT Wa 1801,𐙕
HT Wa 1802-1804,𐙕
HT Wa 1805-1809,𐙕
HT Wa 1810,𐙕
HT Wa 1811-1812,𐙕
HT Wa 1813,𐙕
HT Wa 1814,𐙕
HT Wa 1815,𐙕
HT Wa 1816,𐙕
HT Wa 1817-1818,𐙕
HT Wa 1819-1820,𐙕
HT Wa 1821-1822,𐙕
HT Wa 1823,𐙕
HT Wa 1824-1825,𐙕
HT Wa 1826,𐙕
HT Wa 1827-1829,𐙕
HT Wa 1830,𐙕
HT Wa 1831-1832,𐙕
HT Wa 1833,𐙕
HT Wa 1834,𐙕
HT Wa 1835,𐙕
HT Wa 1836,𐙕
HT Wa 1837-1839,𐙕
HT Wa 1840,𐙕
HT Wa 1841-1842,𐙕
HT Wa 1843,𐙕
HT Wa 1844,𐙕
HT Wa 1845+1733,𐙕
HT Wa 1846,𐙕
HT Wa 1847,𐙕
HT Wa 1848,𐙕
HT Wa 1849,𐚙
HT Wa 1850,𐚚
HT Wa 1851,𐚛
HT Wa 1852,𐚜
HT Wa 1853,𐚝
HT Wa 1854,𐚞
HT Wa 1855,𐝫
HT Wa 1856-1858,𐝫
HT Wa 1859,𐝫
HT Wa 1860,𐝫
HT Wa 1861,𐝫
HT Wb 2001,𐘁
HT Wb 2002,𐘁
HT Wb 229,𐙓𐜙
HT Wc <3018>,𐘾𐜙
HT Wc 3001,𐘂𐘈𐘱𐝆
HT Wc 3002,𐘂𐘈𐘱
HT Wc 3003,𐘾𐘙𐘁
HT Wc 3004,𐘳𐘝𐘾𐘈
HT Wc 3005,𐘳𐘝𐘾𐘈
HT Wc 3006,𐘮𐘵𐘻𐘴𐙦𐘴
HT Wc 3007,𐘮𐘆𐘝
HT Wc 3008,𐘮𐘆𐘝𐘘𐘱𐘳𐘆
HT Wc 3009,𐙹𐘆𐘲𐘾𐙓
HT Wc 3010,𐙹𐘆𐘅𐘲𐘾
HT Wc 3011,𐙀𐘆𐘴
HT Wc 3012,𐙀𐘆𐘴𐘙𐘁
HT Wc 3013,𐙓
HT Wc 3014,𐙂𐘻𐘅𐘿𐄁𐘒
HT Wc 3015,𐘾𐙂𐘂𐙗
HT Wc 3016,𐘾𐙂𐘂𐜝𐜙
HT Wc 3017,𐘌𐙂𐘙𐄁𐘆𐙗𐝂𐜝𐜝
HT Wc 3019,𐘮𐝃
HT Wc 3021,𐝫
HT Wc 3022 (?),𐙇
HT Wc 3024,𐘇𐘴𐘹𐘋𐘓
HT Wd 1617,𐙂
HT Wd 1663,𐙕
HT We/Wc 3020,𐙓𐘬𐜝𐜙
HT Zb 158 a,𐝫𐄁𐝫𐘹𐘈𐘲𐘸
HT Zb 158 b,𐘲𐘸𐘭𐘃𐘚𐘱
HT Zb 159,𐘇𐘅𐘯𐘤𐘱𐘈𐝫
HT Zb 160,𐘂𐘳𐘀𐘬𐘜𐘙𐝫
HT Zb 161,𐝫𐘤𐘫𐝫
HT Zb 162,𐘆𐄉𐘠𐘬
HT Zb 162bis,𐘀
HT Zd 155,𐘇𐘶𐄁𐘅𐙁𐙁𐘠𐘠𐙫
"HT Zd 157, 156, 155",𐝫𐘗𐄇𐘗𐄇𐝆𐙫𐄈𐝃𐙫𐄉𐝃𐝄𐘳𐘱𐝇𐝫
HT Zd 157+156,|𐘣𐘱𐘲𐙁𐘠𐘠𐙫
HT Zf 163,𐘀
HT Zf 164,𐘀
HT Zf 165,𐘚
HT Zf 166,𐙯
HT Zf 167,𐙜
HT Zf 168,𐘗𐘀
HT Zf 169,𐝫
HT Zg 163,𐝄
IO Za <1>,𐘇𐘧𐘞
IO Za 11,𐝫𐘅𐝫𐄁𐝫𐘀𐘀𐝫𐄁𐝫𐝫𐘉𐘠𐘯𐄁𐘚𐘅𐘚𐘀𐝫
IO Za 12,𐝫𐄁𐝫𐄁𐘱𐘞𐘞𐘴𐘋𐄁𐘚𐘠𐝫
IO Za 13,𐝫𐄁𐝫𐙁𐘚𐝫
IO Za 14,𐘤𐝫𐘘𐘃𐄁𐘚𐘆𐝫
IO Za 15,𐝫𐘚𐘢𐘅𐙁𐄁𐘤𐘘𐝫𐘃
IO Za 16,𐝫𐙌𐄁𐘱𐘞𐘞𐘴𐘋𐄁𐘉𐘅𐘘𐘾𐝫𐘅𐘤
IO Za 2,𐘇𐘳𐘚𐙕𐘮𐘱𐄁𐘱𐘆𐘸𐘹𐘹𐄁𐘱𐘞𐘞𐘴𐝫𐘋𐄁𐘉𐘅𐘾𐘅𐝫𐘤𐝫𐄁𐝫𐘚𐘢𐘅𐙁𐄁𐘤𐘘𐘃𐄁𐘳𐘅𐘴𐘃𐘉𐘠𐘯𐄁𐘚𐝫𐄁𐝫
IO Za 3,𐄁𐘇𐘳𐘚𐙕𐘮𐘱𐄁𐙄𐝫
IO Za 4,𐝫𐙕𐘮𐝫
IO Za 5,𐝫𐘚𐘱𐘙𐘆𐘱𐄁𐘚𐘱𐘂𐝫
IO Za 6,𐘳𐘅𐘚𐙕𐘉𐘠𐘯𐄁𐘚𐘅𐘳𐘚𐙀𐘆𐘤𐘾𐄁𐘱𐘞𐘞𐘴𐘋𐄁
IO Za 7,𐘇𐘳𐘚𐙕𐘮𐘱𐄁𐘱𐘠𐙭𐝫
IO Za 8,𐝫𐘇𐘅𐘠𐙕𐘮𐘱𐝫
IO Za 9,𐘱𐘞𐘞𐝫𐘴𐘋𐄁𐘉𐘅𐘾𐝫𐘅𐘤
IO Zb 10,𐝫𐘇𐘞𐘞𐘴𐘋
KA Zf 1,𐘹𐘯𐄁
KAM Zb 1,𐘯𐘁𐄁𐝫𐄁
KAN Za 1,𐘇𐝫𐄁𐝫𐘚𐝫𐝫
KE 1,𐘾𐘞𐝫𐝫𐝫
KE Wc 2,𐝂𐝁𐝁
KE Zb 3,𐘸
KE Zb 4,𐄁𐘱𐘤𐘡
KE Zb 5,𐜀
KE Zb 6,𐝫𐘜𐝫
KE Zb 7,𐝫𐘢𐝫
KH 1,𐝫𐘧𐄁𐛵𐄖𐝫𐝫𐄉𐝆𐘝𐝫𐝫
KH 10,𐝫𐝫𐄈𐝫𐝆𐙉𐄐𐘚𐘂𐘞𐘱𐄁𐘌𐙈𐘇𐘸𐘢𐘡𐘃𐙉𐄘
KH 100,𐚌𐙚𐝫𐘁𐙍𐝫𐘥𐝃𐝫𐝫
KH 11,𐘇𐘬𐝫𐄁𐝫𐘍𐙗𐝇𐘲𐄉𐜚𐝇𐝉𐙍𐝀𐙚𐄊𐙗𐝁𐚈𐙗𐝇𐝉𐘇𐘄𐚉𐘄𐘚𐜚𐄉𐘝𐄇𐙍𐄉𐘇𐘳𐚊𐙕𐄇𐙚𐄇𐘤𐙗𐝇𐝉
KH 12,𐝫𐙗𐝫𐄈𐙜𐝆𐛚𐝆𐝫𐝁𐙻𐝫𐝁𐛀𐝫𐝇𐜫𐝂𐜩𐝍𐝫𐜩𐝍𐝫𐝫
KH 13,𐝫𐝫𐄈𐝆𐝫𐝫𐘇𐘈𐘙𐘍𐝫𐝫𐝃𐝉𐙘𐝁𐝫𐝫𐘀𐘚𐝫𐝫𐄉𐝫
KH 14,𐝫𐘴𐄁𐘇𐙁𐘱𐄁𐙗𐄌𐝫𐝫𐙗𐝃𐙼𐄈𐙗𐝇𐝫𐝫𐘝𐝃𐛨𐄈𐝫𐙗𐝫𐝫
KH 15,𐝫𐙗𐝫𐝆𐘝𐝆𐝫𐘝𐝃
KH 16,𐝫𐄑𐄈𐙗𐝇𐝉𐝫𐝫𐘉𐘳𐘚𐘤𐜙𐝫𐝫𐝆𐘳𐝫𐝫
KH 17,𐝫𐝫𐝫𐄊𐝆𐝁𐘝𐝫𐘝𐄇𐘇𐝫𐝫
KH 18,𐝫𐝫𐜨𐝫𐄋𐘚𐙂𐘢𐝫𐝫𐙏𐄇𐙂𐄑𐄈𐘤𐝫𐝫𐚵𐙏𐄇𐚶𐝫
KH 19,𐝫𐙚𐙇𐙛𐄐𐄉𐝫𐝫𐄈𐜐𐝁𐝫
KH 2,𐝫𐝫𐄑𐘹𐝫𐝫𐙗𐝫𐝃𐙚𐙗𐝃𐝫𐝫
KH 20,𐝫𐝫𐘇𐘤𐘸𐘴𐄁𐜚𐝫𐝁𐝫𐘬𐘙𐘍𐄁𐜚𐝆𐘝𐝃
KH 21,𐝫𐝫𐙗𐝍𐝫𐝂𐘝𐄈𐝫𐙚𐘿𐘬𐝫
KH 22,𐝫𐘍𐄁𐘲𐄍𐜚𐝫𐝫𐘤𐄊𐙗𐝫𐝫
KH 23,𐘇𐘬𐝫𐝫𐙗𐝫𐝫
KH 24,𐝫𐘲𐄐𐄈𐝫𐝫𐝈𐝉𐝫
KH 25,𐝫𐙇𐄙𐄓𐝫𐝫𐙇𐄐𐝫𐝫
KH 26,𐝫𐝫𐙇𐄕𐝫𐘝𐄈𐝃𐝋𐝫𐝫𐝫
KH 27,𐝫𐝫𐘝𐝫𐝫𐛭𐄊𐝫
KH 28,𐝫𐝫𐝫𐘈𐄁𐛵𐝫
KH 29,𐝫𐘴𐄁𐘷𐝫𐝫𐄇𐙂𐘂𐝫𐝫𐄈𐙗𐝆𐝫𐝫𐝫
KH 3,𐝫𐝫𐘯𐄇—
KH 30,𐝫𐝫𐝉𐝫𐝫𐘝𐄏
KH 31,𐝫𐝫𐜨—𐝫𐝆𐜪𐝫𐝫𐄇𐝫
KH 32,𐘚𐙷𐝫𐝫𐄋𐝫𐝫
KH 33,𐝫𐝫𐜙𐝫𐝫𐄇𐘇𐝫𐝫
KH 34,𐝫𐜚𐄈𐘝𐝫𐝫𐝫
KH 35,𐝫𐝫𐝫𐄇𐙗𐝫𐝫
KH 36,𐝫𐘾𐄁𐛚𐄊𐝫𐝫𐘅𐝫𐝫
KH 37,𐜜𐄈𐘣𐝫𐜜𐝫
KH 38,𐝫𐝫𐜙𐝆𐝫𐝫𐝫
KH 39,𐘇𐘳𐝫𐝫𐜐𐝫𐝫
KH 4,𐘇𐘬𐘙𐝫𐝫𐙚𐄊𐙗𐝁𐝫𐝫𐝫
KH 40,𐝫𐝫𐘤𐘅𐝫𐝫
KH 41,𐝫𐄉𐝫𐘾𐘳𐘙𐝫𐝫
KH 42,𐝫𐝫𐜟𐝫𐝫
KH 43,𐝫𐙁𐘘𐘙𐄈𐛇𐝫𐝫
KH 44,𐝫𐝫𐝫𐙻𐝫𐝫
KH 45,𐘇𐝫𐝫𐝫
KH 46,𐝫𐝫𐝫𐝋𐙍𐝫𐝫
KH 47,𐝫𐝫𐘌𐘗𐝫𐝫𐄌𐘤𐝫𐘴𐄁𐙚𐝫
KH 49,𐝫𐝫𐘘𐝫𐝫𐙂𐝫𐝫
KH 5,𐘇𐘸𐘤𐘾𐄁𐘇𐘴𐘉𐘀𐄁𐘣𐘞𐘞𐘗𐜚𐄈𐜂𐄈𐘣𐘅𐘬𐄁𐙕𐘅𐄁𐙂𐘂𐙀𐙗𐝫𐄉𐝫𐝀𐘝𐄈𐝆𐝁
KH 50,𐝫𐝫𐘳𐄈𐝫𐘧𐄈𐘿𐝫𐄁𐝫𐄇——
KH 51,𐝫𐘤𐘚𐘤𐄉𐝫𐄊𐘹𐝫𐝫
KH 52,𐝫𐝫𐝫𐘳𐘉𐝫𐝫
KH 53,𐝫𐘇𐘋𐙌𐄁𐘗𐝫𐝫
KH 54,𐝫𐜚𐄇𐙉𐝫𐄇𐝫𐝫𐝫
KH 55,𐝫𐝫𐜐𐝁𐝫𐝫𐄉𐘝𐝫𐝫
KH 56,𐝫𐝕𐝉𐝫𐝫𐝫
KH 57,𐝫𐝫𐘹𐝫𐝫𐘎𐄇𐝫𐝫𐙗𐝫𐝃𐝫𐝫
KH 58,𐝫𐝫𐝫𐙗𐝫𐄊𐘝𐝫𐝫𐜚𐄇𐝃𐘇𐝫𐝫𐜚𐄊𐝫𐝫𐙗𐝫𐝆𐘇𐙕𐝫
KH 59,𐝫𐝫𐄇𐝫𐘚𐄋𐝫𐘆𐘅𐄋𐝫
KH 6,𐝫𐜙𐝆𐘆𐘤𐝫𐝫𐘃𐘯𐘙𐝫𐝫𐘸𐘞𐘗𐜙𐝆𐚇𐝫𐙗𐝫𐝆𐘭𐘳𐘧𐜙𐝫𐝫𐘔𐄇𐜙𐝆𐘕𐄇𐘂𐝫𐝫𐘙𐄁𐙺𐄇𐜙𐝆𐘢𐘞𐝫𐝫𐜙𐙄𐘙𐘃𐄁𐙚𐄇𐝫𐄎𐙗𐄈𐝆𐝁
KH 60,𐝫𐘴𐘸𐘳𐘅𐘤𐝫𐝫𐙏𐝍𐘷𐙗𐝫𐝫𐝂𐛚𐝂𐝫𐝫𐝫
KH 61,𐝫𐝫𐄑𐝫𐝫𐄇𐙁𐝫𐝫𐝁𐜐𐝉𐝫𐝫𐙗𐝫𐄈𐙉𐄇𐝍
KH 62,𐝫𐝫𐙁𐝫
KH 63,𐝫𐝫𐘲𐄐𐝫𐝫𐜩𐝉𐝫𐝫
KH 64,𐝫𐝫𐘳𐝫𐝫𐝫
KH 65,𐝫𐝫𐘝𐝫𐝫
KH 66,𐝫𐄒𐝫𐝫
KH 67,𐝫𐝫𐝫𐄇𐝫𐝫
KH 68+71,𐝫𐝫𐜨𐝉𐝫𐝫𐝫
KH 69,𐝫𐝫𐝫
KH 7 a,𐝫𐝫𐘗𐝫𐄁𐝫𐘸𐙺𐄊𐜙𐄇𐝫𐝫𐘚𐜚𐝇𐘡𐘅𐘤𐄁𐛪𐄐𐜙𐝆𐘚𐘱𐘂𐘋𐄁𐘳𐘳𐄁𐘌𐘠𐘸𐙇𐄊𐜙𐝁𐘈𐙙𐄁𐙂𐝫𐄁𐝫𐘺𐘡𐛪𐝫𐄐𐄎𐜙𐄇𐝆𐝃𐝉𐝫𐝫𐝁𐝌
KH 7 b,𐝫—𐘉𐘳𐘚𐘈𐜙𐝆𐝫𐝫𐘂𐘅𐘹𐜙𐝆𐜝𐄇𐘤𐄐𐄊𐜛𐄈
KH 70,𐝫𐝫𐝫
KH 72,𐝫𐝫𐝫
KH 73,𐝫𐝫𐝉𐘇𐝫𐝫𐄇𐘝𐄇𐜝𐄇𐝫𐝫𐝇𐘇𐝫𐝫
KH 74,𐝫𐘤𐄁𐘱𐘀𐘲𐝫𐝫𐘤𐝥𐘻𐝫
KH 75,𐝫𐝫𐝆𐝫𐝫𐙗𐝫𐝇𐝉𐘝𐝁𐝫
KH 76,𐝫𐝫𐘤𐄊𐝫𐝫𐙗𐝫𐝃𐝌𐝫
KH 77,𐝫𐙗𐝫𐝍𐝫
KH 78,𐝫𐝫𐄒𐝫𐝫
KH 79,𐝫𐝫𐘂𐘀𐝫𐝫
KH 79+89,𐝫𐘻𐘅𐝫𐝫𐘂𐘳𐄁𐘇𐘴𐝫𐝫𐘂𐘀𐘝𐝫
KH 8,𐝫𐝫𐘙𐝫𐝫𐘳𐄈𐜙𐝆𐘝𐝆𐝫𐙉𐝆𐙘𐝃𐙗𐝃𐙇𐝫𐝫𐘝𐝃𐙢𐄇𐚻𐄇𐝫
KH 80,𐝫𐝂𐙖𐝫𐝫
KH 81,𐝫𐝫𐄋𐝫𐛛𐄢𐝫𐝫𐄉𐝫
KH 82,𐝫𐝫𐝫𐜏𐝉𐝫𐝫𐙧𐄇𐝫𐝫𐙼𐝫𐝫
KH 83,𐝫𐄁𐘇𐘆𐘗𐝫𐝫𐄐𐄋𐚡𐘇𐝫𐝫
KH 84,𐝫𐝫𐙗𐝆𐝫𐝫𐙕𐄇𐙚𐝫𐜩𐝫𐝫
KH 85,𐝫𐝫𐜐𐝆𐙜𐝫𐝫𐜩𐝇𐙏𐝫𐝫𐙘𐝂𐝫𐝫
KH 86,𐝫𐘙𐘍𐙗𐝫𐝫𐙗𐝑𐘢𐘯𐝫𐝫𐄉𐝫𐙗𐝫𐝕𐝫𐝫
KH 87,𐝫𐝫𐝫𐝉𐙚𐝫𐝫𐝆𐘖𐄇
KH 88,𐘌𐘯𐙁𐄁𐘐𐙈𐄁𐘝𐄐𐘫𐘦𐄁𐄎𐝫
KH 9,𐘇𐘤𐘲𐘊𐘇𐄁𐛨𐝫𐝫𐝇𐘝𐝃𐝁𐘻𐝫𐝫𐘚𐘤𐄁𐜙𐝆𐝫𐝫𐄈𐙗𐝃𐙍𐝫𐝫𐙗𐝃𐝉𐝫𐝫𐝎𐛌𐙘𐄇𐝫
KH 90,𐝫𐝫𐄁𐝫𐘱𐝫𐝫𐙁𐘳𐘭𐘳𐝫𐝫𐝫
KH 91,𐝫𐝫𐄁𐝫𐙉𐄇𐙍𐝫𐝫𐙨𐄇𐝆𐝉𐙀𐝫𐝫𐝀𐘹𐝇𐘝𐝫𐝫𐜩𐝇𐜪𐝫𐝫
KH 92,𐘇𐘀𐘐𐘭𐙂𐘝𐘃𐄐𐝫𐝫𐘅𐘸𐄇𐝫𐝫
KH 93,𐝫
KH 94,𐝫𐝫𐚻𐝫𐝫𐄐𐄍𐘚𐝫𐝫𐘍𐝫𐝫
KH 95,𐝫𐘈𐄍𐝫
KH 96,𐝫𐝫𐝫𐝈𐝀𐝀
KH 97 a,𐝫𐘙𐘇𐘱𐝫𐝫𐘅𐝫𐝫
KH 97 b,𐝫𐘈𐘚𐝫𐝫𐝫
KH 99,𐝫𐘂𐘭𐘦𐝫𐝫𐘇𐘤𐙈𐝫𐙂𐘾𐝫𐝫
KH Wa 1001,𐜡𐚳𐜡𐚳¹⁰⁰²
KH Wa 1002,𐜡𐚳
KH Wa 1003,𐙃
KH Wa 1004,𐙃
KH Wa 1005-1008,𐘼
"KH Wa 1009, 1010",𐘼
KH Wa 1011,𐙕
KH Wa 1012,𐙕
KH Wa 1013,𐙅𐘁
"KH Wa 1014, 1015",𐙅𐘁
KH Wa 1016,𐙅𐘁
KH Wa 1017,𐙕
KH Wa 1018,𐚟
KH Wa 1019,𐝃
KH Wa 1020,𐝫𐄁
KH Wc 2001,𐘵𐘵²⁰⁰¹
KH Wc 2002,𐘵
KH Wc 2003,𐝫
KH Wc 2004,𐙇𐝫
KH Wc 2005,𐘾𐘅𐘝𐘠
KH Wc 2006,𐚱
KH Wc 2007,𐚱
KH Wc 2008,𐚫 𐚩²⁰¹⁰𐚩²⁰²⁰
KH Wc 2009,𐚫
KH Wc 2010,𐚩
KH Wc 2011,𐚫
KH Wc 2012,𐚫
KH Wc 2013,𐚫
KH Wc 2014,𐚫
KH Wc 2015,𐚫
KH Wc 2016,𐚫
KH Wc 2017,𐚫
KH Wc 2018,𐚫
KH Wc 2019,𐚫
KH Wc 2020,𐚩
KH Wc 2021,𐚩
KH Wc 2022,𐚫
KH Wc 2023,𐚫
KH Wc 2024,𐚫
KH Wc 2025,𐚩𐝫
KH Wc 2026,𐙮
KH Wc 2027,𐙮
KH Wc 2028,𐙔
"KH Wc 2029, 2030",𐛧𐛧²⁰²⁹
KH Wc 2031,𐛧
KH Wc 2032,𐛧
KH Wc 2033,𐙐 𐘵²⁰³³𐙐²⁰³⁹𐙐²⁰⁴⁰𐙐²⁰⁴¹
KH Wc 2034,𐘵
KH Wc 2035,𐘵
KH Wc 2036,𐙐
KH Wc 2037,𐙐
KH Wc 2038,𐙐
KH Wc 2039,𐙐
KH Wc 2040,𐙐
KH Wc 2041,𐙐
KH Wc 2042,𐙐
KH Wc 2043,𐙐
KH Wc 2044+2096,𐙐
KH Wc 2045,𐙐
KH Wc 2046,𐜈𐜈²⁰⁴⁷
KH Wc 2047,𐜈
KH Wc 2048,𐜈
KH Wc 2049,𐜈
KH Wc 2050,𐜈
KH Wc 2051,𐜈
KH Wc 2052,𐜈
KH Wc 2053,𐜈
KH Wc 2054,𐝥𐘻𐝥𐘻²⁰⁵⁴𐝥𐘻²⁰⁵⁵
KH Wc 2055,𐝥𐘻
KH Wc 2056,𐜥
KH Wc 2057,𐛦𐛦²⁰⁵⁹𐛦²⁰⁶²
KH Wc 2058,𐛦
KH Wc 2059+2091+2092,𐛦
KH Wc 2060,𐛦
KH Wc 2061,𐛦
KH Wc 2062,𐛦
KH Wc 2063,𐘒
KH Wc 2064,𐛝
KH Wc 2065,𐝥𐚋
KH Wc 2066,𐛀
KH Wc 2067,𐙾𐙾²⁰⁶⁷
KH Wc 2068,𐙾
KH Wc 2069,𐘖
KH Wc 2070,𐛀
KH Wc 2074,𐝫
KH Wc 2079,𐚫
KH Wc 2084,𐚨
KH Wc 2088+2089+fr,𐝫
KH Wc 2095,𐙐
KH Wc 2097,𐛥
KH Wc 2098,𐙮
KH Wc 2099,𐛝
KH Wc 2100,𐙇𐚌𐘱
KH Wc 2101,𐘵
KH Wc 2102,𐘏
KH Wc 2103,𐚨
KH Wc 2104,𐘵
KH Wc 2105,𐘵
KH Wc 2106,𐛧
KH Wc 2109,𐛦
KH Wc 2110,𐘵
KH Wc 2111,𐙐
KH Wc 2113,𐜈
KH Wc 2114,𐚨𐝫
KH Wc 2115,𐘵
KH Wc 2117,𐙇𐝫𐛦
KH Wc 2118,𐘵
KH Wc 2121,𐝫
KH Wc 2122,𐚨
KH Wc 2123,𐝭𐘢𐘾
KH Wc 2124,𐘮
KH Zb 98,𐘝
KN 1 a,𐘱𐙂𐘠𐘡𐄚𐄓
KN 1 b,𐘱𐘬𐘴𐘠𐘡𐄙𐄋
KN 2,𐝫𐘘𐘅𐄈𐙈𐄉𐘚𐙕𐄋𐝫
KN 22 a,𐝫𐘲𐘶𐘳𐝫𐄑𐝫𐝫𐘾𐘧𐝫
KN 22 b,𐝫𐘊𐘆𐘰𐄙𐄐
KN 22 c,𐝫𐙁𐘲𐘻𐄁𐝫𐄁𐝫𐘅𐝫𐝫
KN 28 a,𐝫𐝫𐝫𐘓𐄇𐝫𐝫𐙠𐄏𐝫𐝫𐙉𐝫𐄋𐝫𐝫
KN 28 b,𐝫𐝫𐝫𐘃𐝊𐝫𐝫𐄉𐛓𐝊𐝫
KN 32 a,𐝫𐝫𐘇𐘂𐝫𐘇𐘾𐘳𐝫𐝫
KN 32 b,𐝫𐝫𐘃𐝫𐝫𐘞𐘫𐄁𐘂𐝫𐘱𐘲𐝫
KN 54,𐝫𐝫𐘫𐘴𐝫𐝫𐙏𐝇𐝫𐝫
KN Wa 40,𐝫𐄁𐝈𐝫
KN Wa 50,𐙕
KN Wb 33,𐘌𐘸𐝫𐘯𐘈𐝫
KN Wb 50,𐙕
KN Wb 51,𐄁
KN Wc 23,𐘽
KN Wc 26,𐘘𐘱𐘝𐘢
KN Wc 29,𐘑
KN Wc 3,𐝫𐘾𐘚𐘾𐝫
KN Wc 30,𐝫𐘱𐘴
KN Wc 42,𐝫𐘅𐘵
KN Wc 43,𐝫𐄁𐝫
KN Wc 48,𐝫𐘃𐝫
KN Za 10,𐝫𐘳𐘯𐘕𐘠𐄁𐘱𐘞𐘞𐘴𐙁𐘅𐄁𐘀𐘮𐝫𐄁𐝫𐘬𐘮𐘄𐄁𐘚𐘱𐝫
KN Za 17,𐝫𐘱𐘿𐄁
KN Za 18,𐝫𐄁𐝫𐘱𐄁𐝫𐄁𐝫𐘱𐄁𐘱𐘮𐝫𐄁𐝫
KN Za 19,𐝫𐘥𐘶𐘻𐝫𐄁𐝫—𐝫𐙈𐘻𐘅
KN Zb <27>,𐘆𐘅𐘉𐄁𐙍𐄐𐄍
KN Zb <36>,𐙍
KN Zb <37>,𐙍
KN Zb <38>,𐙍
KN Zb <39>,𐘝
KN Zb 20,𐝫𐘅𐘇𐘰
KN Zb 34,𐛻
KN Zb 35,𐝫𐘱𐝫𐘆𐝫𐘣𐝫𐙖𐄙𐘝𐄈
KN Zb 4,𐝫𐘶𐄁𐘱𐘤𐄁𐘤𐝫
KN Zb 40,𐘇𐘂𐘸𐘉𐘅𐘇
KN Zb 5,𐘇𐘹𐘭𐘤𐘠𐄁
KN Zb 52,𐙀𐘭𐘝𐙁
KN Zb 54,𐝫𐘫𐘴𐝫
KN Zb 56,𐘁𐛧
KN Zc 6,𐘟𐘠𐘭𐘇𐘆𐘀𐘸𐘠𐘂𐙂𐄁𐘝𐘱𐘯𐄁𐘶𐙂𐘅𐘂𐙂𐘯𐘉𐝫𐘚𐙀𐄁
KN Zc 7,𐘇𐘾𐘯𐘍𐘠𐄁𐘬𐘴𐘙𐄁𐘇𐙀𐘴𐄁𐘱𐘞𐘴𐘇𐘅𐘗𐄁𐘣𐘢𐝫𐄁𐝫
KN Zd 46,𐝫𐘫𐝫
KN Ze 16,𐘇𐘢
KN Ze 44,𐘚𐝫𐘮𐘱
KN Ze 45,𐘾𐘤𐘇𐘃
KN Ze 49,𐘥𐘤𐘃
KN Ze 56,𐘵𐘀𐝫
KN Zf 13,𐘇𐘙𐘗𐘤𐘆𐙕𐘢𐘥𐘂𐘱𐘳𐘭𐘈𐘃𐘭𐘕𐘇𐘱𐙂
KN Zf 31,𐝫𐘤𐝫𐘤𐘍𐘗𐙠𐄁𐘀𐘬𐘻𐘗𐄁𐘌𐘻𐘨𐘅𐘴𐄁𐘇𐘮𐘢𐄁𐘃𐘲𐘦𐘈𐘥𐘚𐄁𐘇𐘀𐘴𐄁𐘠𐘆𐘃𐘌𐘠𐄁𐘳𐘞𐘍𐄁𐘳𐘃𐘚𐘥𐘍𐘙𐄁𐝫
KN Zg <21>,𐛈
KN Zg 55,𐘱𐘞𐘱
KO (?) Zf 2,𐘇𐘴𐘺𐙂𐘌𐘮𐘞𐘄𐙁𐘁𐙄𐘳𐘦𐘊𐘝𐘍
KO Za 1,𐘇𐘳𐘚𐙕𐘮𐘱𐘹𐘘𐘞𐄁𐘬𐙦𐘙𐄁𐘚𐘀𐘇𐄁𐘉𐘅𐘾𐘅𐘤𐄁𐘚𐘢𐘅𐙁𐄁𐘤𐘘𐘃
KY Za 2,𐘀𐙁𐘃
KY Zg 1,𐛴
LA Zb 1 (bis),𐘱𐘠𐘹𐙂
MA 1 a,𐄂𐘚𐘬𐘣𐄁𐘨𐄁𐘿𐘦𐘻𐘯𐄁
MA 1 b,𐘇𐙁𐄁𐘨𐄁𐘿𐘦𐘻𐘯
MA 1 c,𐘠
MA 10 a,𐝫𐘘𐄁𐜲𐄈𐜰𐄊𐜱𐄊𐝫
MA 10 b,𐝫𐘬𐘢𐘃𐘮𐄁𐜭𐄇𐜰𐄉𐝫𐝫𐄊𐜬𐄈𐛄𐄈𐝫
MA 10 c,𐝫𐜰𐄈𐜱𐄉𐚤𐝫
MA 10 d,𐝫𐜴𐜳𐝫
MA 2 a,𐝫𐘬𐘴𐄋
MA 2 b,𐝫𐘙𐘠𐄊𐝫𐝫𐘠𐄇𐘱𐙂𐄈𐘠𐝫
MA 2 c,𐝫𐘉𐘅𐘅𐄉𐝫𐘱𐙁𐘉𐘠𐄌
MA 4 a,𐘳𐜅𐄐𐄋𐜆𐄙𐄑𐜄𐄔𐄉𐜃𐄒
MA 4 b,𐘇𐝫𐝫𐘱𐙒𐄙𐄑𐄉𐄙𐄕
MA 6 a,𐝫𐙒𐝫𐄡𐄓𐄇𐜅𐄒𐄋
MA 6 b,𐝫𐙒𐄞𐄑𐝫
MA 6 c,𐝫𐜅𐄊𐝫𐙒𐄗𐄍𐝫𐝫𐙒𐝫𐄚𐄒𐄉𐝫
MA 6 d,𐝫𐙒𐄚𐝫
MA 9,𐝫𐄣
MA Wc <5>,𐘇𐘞𐘀𐘾𐛴𐄊
MA Wc 7,𐙒
MA Zb ??,𐚥𐝇
MA Zb 8,𐘱𐘞𐝫
MA Ze 11,𐘿𐘤𐘃
MARG Wa 1-26,𐘾
MI 2,𐘫𐝫—𐝫𐘬𐘾𐝫𐝫𐄁𐝫𐜪𐝫—𐝫𐘾𐝫𐝫
MI Zb 1,𐘸𐘘
MIL Zb 1,𐝫𐘰𐘤𐘨
MO Zf 1,𐙹𐘞𐘕
MY Za 2,𐘲
MY Zf 1,𐛉
MY Zf 2,𐁁
MY Zg 1,𐘲
NE Za 1,𐝫𐘚𐘀𐝫
PA 1,𐘇𐙂𐘶𐘂𐙈𐄒𐄋
PE 1,𐘉𐘾𐘙𐘇𐘈𐘤𐘅𐙂𐘂𐘭𐙇𐄔𐝫𐛭𐄑𐄌𐘡𐘾𐝫𐙇𐄖𐄈𐛭𐄒𐄌
PE 2,𐝫𐄉𐝁𐘘𐘢𐝫𐙙𐘻𐄇𐝄𐘇𐙱𐘍𐝃𐘇𐘭𐘂𐝃𐘌𐘌𐘀𐝆𐘄𐘋𐝁𐘄𐘪𐘙𐄇𐝫
PE Ws,𐙉𐘠𐘡𐄇
PE Wy 5,𐙖𐙛𐄇𐝆
PE Zb,𐝫𐘇𐘯𐝫
PE Zb 3,𐘇𐘾𐘴𐘸𐘳𐘅𐘤𐘱𐘈𐙇𐘍
PE Zb 7,𐝫𐘇𐘱𐘮𐘢𐄇
PE Zb 8,𐘇
PE Zc 4,𐝫𐘇𐘱𐝫≈𐝫𐘱𐘤𐝫
PE Zg 5,𐙖𐙛𐄇𐝆
PE Zg 6,𐘚𐘅𐝫𐄁𐝫𐘃—𐘳𐘅𐙁𐘧—
PH (?) 31 a,𐝫𐝫𐘇𐝫𐝫𐘘𐚾𐄇𐙁𐘆𐘑𐄇𐘐𐝫𐄁𐝫𐘗𐄇𐙂𐘰𐘯𐙄𐘤𐘙𐄇𐘂𐘳𐘀𐝫𐄇𐙂𐘁𐚾𐄇𐘑𐄋𐘐𐄉𐝫
PH (?) 31 b,𐝫𐝫𐘓𐄈𐘐𐄇𐝫𐝫𐘬𐘭𐘔𐄇𐘹𐝫𐝫𐘗𐘔𐄇𐘓𐄋𐘃𐘭𐘑𐝫𐝫𐄇𐘭𐘘𐙁𐘠𐘑𐙄𐘤𐘙𐘇𐘻𐘀𐘵𐘑𐄇𐝫
PH 1 a,𐝫𐘆𐘴𐘆𐘅𐙨𐝫𐄁𐝫𐝉𐝫𐘱𐄁𐙨𐄇𐙗𐝅𐝫
PH 1 b,𐝫𐄁𐝫𐘅𐄇𐘂𐝫𐝫𐘝𐄈𐝄𐝇
PH 10,𐚏𐘡𐚎𐙒𐝈𐝈
PH 11,—|||||||||||||—
PH 12 a,𐝈𐝈𐙇𐙿𐙒𐄐𐝫
PH 12 b,𐝃𐝫𐝫𐝃𐝃𐝫
PH 12 c,𐘃
PH 13 a,𐝫𐝃𐝃𐙒𐙴𐝫
PH 13 b,𐝫𐚐
PH 13 c,𐝫𐝃𐝃𐙀𐘃𐝫
PH 14 a,𐝫𐘝𐙘𐘱𐝫
PH 14 b,𐝫𐘻𐘇
PH 15 a,𐝫𐙁𐘃𐘙𐙿𐄐𐄇𐝫
PH 15 b,𐝫𐚑𐙒𐝫
PH 16 a,𐝫𐘠𐘅𐝫—𐝫𐚒𐘝𐝫
PH 16 b,𐝫𐘱𐘞𐝫—𐝫𐘠𐝫
PH 17 a,𐝫𐚓𐝫
PH 17 b,𐝫𐚔𐝫
PH 18 a,𐝫𐘣𐘱𐝫𐝫
PH 18 b,𐝫𐝫
PH 19,𐘢𐘵𐝫𐝫
PH 2,𐘇𐘈𐘹𐘐𐄇𐘴𐘵𐘆𐘸𐄕𐘢𐘘𐘡𐘶𐄕𐘈𐘞𐘰𐄕𐝫
PH 22 a,𐝫𐝆𐝆
PH 22 b,𐝫
PH 24,𐘁𐘡
PH 25,𐙍𐄈𐝫𐝫𐝫
PH 26,𐝫𐙦𐝔𐝫
PH 27,𐝫𐝫𐘃𐝫𐝫𐘇𐝫𐝫
PH 28 a,𐝫𐝫𐘇𐘰𐝫𐄁𐘱𐘸𐘰𐝫𐄁𐘇𐘭𐘱𐝫
PH 28 b,𐝫𐝫𐄙𐄈𐝫𐝫𐄈𐙘𐄌𐝫𐄌𐝮
PH 29 a,𐝫𐝫𐝫
PH 29 b,𐝫𐝫𐝫
PH 3 a,𐝫𐛠𐄇𐘳𐝫𐛡𐄇𐛣𐝓𐝫𐛢𐝓𐘂𐘴𐝓𐝫𐘂𐝫𐄇𐝫
PH 3 b,𐝫𐛘𐝕𐝫𐝫𐘤𐝃𐝫𐝫𐝫𐘤𐄇𐝃𐝫𐝫
PH 30,𐝫𐘠𐝃𐝫𐝫𐙁𐘙𐘭𐘻𐘦𐝫
PH 6,𐘚𐘅𐘮𐄁𐘇𐘭𐘚𐙀𐘭𐘝𐘳𐘇𐘭𐘚𐘀𐘰𐘚𐘞𐘭
PH 7 a,𐝫𐝫𐘆𐘂𐘱𐝫𐝫𐘉𐘆𐘭𐘸𐝫𐝫𐘱𐘘𐙁𐘗𐝫𐝫𐘱𐘤𐘀𐘴𐝫
PH 7 b,𐝫𐝫𐘳𐄇𐝈𐝫𐝫𐘀𐘴𐝈𐝫𐝫𐙏𐝈𐝃𐝫
PH 8 a,𐝫𐝫𐜵𐄍—𐝫𐙇𐄐𐄇𐙘𐄈—𐝫𐄐𐄌𐜶𐄇—𐝫
PH 8 b,𐝫𐝫𐙨𐄇𐜢𐝫𐝫
PH 9 a,𐙩𐘿𐚍𐝏
PH 9 b,𐝫𐚬𐙍𐄇𐝆𐝆
PH Wa 32,𐘲𐘸𐘭𐘳
PH Wb 33,𐝫
PH Wb 34,𐝫
PH Wb 35,𐝫
PH Wb 36,𐘃
PH Wb 55,𐝫
PH Wc 37,𐘾𐙦𐘤𐙬
PH Wc 38,𐙦𐘳𐙁
PH Wc 39,𐘱𐘆𐘁
PH Wc 40,𐘠𐘠𐙁𐘅
PH Wc 41,𐙍𐄇𐝆
PH Wc 43,𐙍
PH Wc 44,𐘏
PH Wc 46,𐙴𐘡≈𐘠
PH Wc 52,𐙍
PH Wg 45,𐘡𐘷𐘿
PH Wy 42,𐙍
PH Zb <47>,𐙴
PH Zb 4,𐘤𐙁𐄁𐘚𐘱𐘃
PH Zb 48,𐘌𐙙𐝫𐄁𐝫
PH Zb 5,𐘮𐘣𐘠𐘅𐘽
PK 1,𐘤𐝫𐄁𐝫𐘗𐘠𐄇𐘾𐘌𐄈—𐘇𐘬𐘍𐄇𐘷𐘳𐘙𐄇—𐘷𐘠𐘃𐄇𐘵𐘾𐘻𐘍𐘤—𐘚𐘅𐄇—𐘵𐘃𐘱𐄇—𐘴𐘅𐘹𐘲𐄇𐘝𐘻𐄇𐘹—𐘲𐄇𐙁𐘠𐘍𐘚𐘃𐄇—𐙁𐘃𐘠𐄇𐙁𐘾𐘚𐘳𐄇
PK 3,𐝫𐘿𐄉𐘱𐄑𐝫𐄒𐄇𐘀𐘙𐄖𐄈𐝫𐘠𐄈𐝫𐙂𐄉𐝫𐄉
PK Za 10,𐝫𐘤𐄁𐘚𐘢𐘅𐘻𐘅𐄁𐘤𐝫
PK Za 11,𐘇𐘳𐘚𐙕𐘮𐘡𐄁𐘇𐘆𐘸𐘃𐘃𐝫𐄁𐄁𐝫𐘙𐄁𐘢𐘃𐘭𐄁𐘇𐘺𐘇𐘗𐄁𐘇𐘞𐘞𐘴𐘋𐄁𐘉𐘅𐘘𐘾𐘅𐘠𐄁𐘚𐘢𐘅𐘻𐘅𐝫𐘤𐘘𐝫𐄁𐝫𐄁𐘚𐘅𐘱𐘂𐘌
PK Za 12,𐘇𐘳𐘚𐙕𐘮𐘱𐄁𐘇𐘆𐘸𐘃𐝫𐄈𐄉𐝫𐘘𐝫𐄊𐄋𐝫𐘴𐘋𐝫𐝫𐘇𐝫𐄈𐝫𐘗𐄁𐘉𐘅𐘘𐘾𐝫𐄇𐝫𐘱𐘤𐄁𐘇𐘂𐘬𐝫𐄉𐝫𐘱𐝫𐄈𐝫𐘱𐘂𐘌
PK Za 14,𐝫𐘹𐘋𐘚𐄁𐘱𐘞𐘞𐝫
PK Za 15,𐝫𐘱𐘆𐘸𐘃𐘃𐘬𐘜𐘙𐝫
PK Za 16,𐝫𐘄𐘞𐄁𐘜𐘙𐘱𐝫
PK Za 17,𐝫𐘚𐘀𐄁𐝫𐄁𐝫
PK Za 18,𐝫𐘃𐄁𐘚𐘀𐄁𐘱𐘱𐝫
PK Za 20,𐝫𐘉𐘅𐘾𐝫
PK Za 4,𐘇𐘞𐘞𐘴𐝫
PK Za 8,𐝫𐘯𐄁𐘰𐘡𐄁𐘱𐘆𐘸𐘃𐘃𐙛𐘜𐘙𐄁𐘹𐘋𐘚𐘱𐘞𐝫𐘉𐘅𐘾𐘅𐘤𐝫𐘚𐘢𐝫
PK Za 9,𐝫𐝫𐘱𐘉𐘂𐙁𐘚𐘀𐝫𐄁𐝫𐘆𐝫
PK Zb ?,𐘇𐘰𐘆𐝫𐘙𐝁
PK Zb 19,𐘈𐘤𐘳𐝫
PK Zb 21,𐘸𐘳𐘝𐘃
PK Zb 23,𐘾𐝫
PK Zb 24,𐙍
PK Zb 25,𐘻𐘀𐘴
PK Zc 13,𐝫𐘯𐘭𐘱𐝫
PK Zg 22,𐙍𐙍
PL Zf 1,𐝫𐘳𐄁𐘣𐘃𐘱𐘕𐄁𐘉𐘿𐘠𐄁𐘱𐘞𐘞𐘴𐘋𐄁𐘳𐘯𐘝𐘸𐘅𐄁𐘝𐘯𐘝𐄁𐝫𐄁𐝫𐘚𐝫𐄁𐝫
PO Zc 1,𐘭𐘿𐘠𐘇𐘞𐘞𐘴𐙱𐄁
PR Za 1,𐘳𐘅𐘲𐘃𐝫𐘥𐘈𐘄𐘚𐘱𐘇𐘞𐘞𐝢𐘋
PS Za 2,𐄑𐄊𐝫𐘙𐘚𐘥𐘳𐘅𐘚𐙕𐘠𐄁𐝫𐄌𐝫𐘱𐘠𐄁𐘱𐘞𐘞𐝢𐘋𐄁
PSI Za 1,𐙓𐘬𐘈𐝫
PSI Za 2,𐄁𐝫
PSI Zb 1,𐙓𐘇𐘚
PYR 1,𐘠𐙁𐘘𐘣𐘃𐝦𐙍𐄘
PYR 2,𐝫𐙘𐝆
PYR Wc 4,𐘠𐝫𐄁𐝫𐘚𐘤𐝯
PYR Zb 5,𐝫𐘃𐘱𐝫
SAM Wa 1,𐘱𐘞𐝫𐘞𐘴𐝫𐘃𐄐𐝇
SAM We 4,𐝠
SE Zf 1,𐘀𐙂
SI Zg 1,𐘇𐝫𐄁𐝫𐘀𐙈
SK Zb 1,𐘇𐙁𐘴𐘗𐝫
SKO Zc 1,𐝫𐄁𐘅𐘹𐙕𐘗𐝫𐝫𐘌𐘸𐘠𐝫
SY Za 1,𐝫𐘇𐘳𐘚𐙕𐘮𐘱𐄁𐘚𐘀𐘻𐄁𐘱𐝫
SY Za 10,𐘌𐘞𐘴𐙂
SY Za 11,𐄁𐘁𐘌𐝫
SY Za 12,𐝫𐄁𐘇𐝫
SY Za 2,𐘇𐘳𐘚𐙕𐘮𐘱𐄁𐘱𐘲𐙁𐘹𐙋𐄇𐘉𐘅𐘾𐘅𐘤𐙖𐘇𐘱
SY Za 3,𐘇𐘳𐘚𐙕𐘮𐝫𐘱𐝫𐘈𐘾𐘅𐘤𐝫𐘃𐝫𐘤𐘘𐘃
SY Za 4,𐘇𐘳𐘚𐙕𐘮𐘱𐄁𐘱𐘚𐘩𐘍𐄁𐘰𐘝𐘣
SY Za 5,𐝫𐘻𐘱𐄁𐘱𐘮𐘰𐝫
SY Za 6,𐘀𐘈𐘴𐘃
SY Za 8,𐘇𐘳𐝫𐘚𐙕𐘮𐘱𐄁𐘱𐘱𐝫
SY Za 9,𐘱𐘂𐘴𐘱𐘈
SY Zβ 7,𐝫𐘴𐘸𐘝𐘈
TEL Zb 1,𐘕≈𐘮𐘃≈𐘝
THE fr. 1,𐝫𐘸𐝫
THE fr. 2,𐝫𐙖𐝫
THE fr. 3,𐝫𐙖𐝫
THE tab. 4,𐝫𐘒𐄍𐝫𐝫𐘒𐄓𐄌𐝫
THE tab. 5,𐝫𐄁𐘃𐘋𐘀𐘚𐝫
THE tab. 6,𐝫𐄐𐝫𐝫𐝡𐝫𐄚𐝫
THE Zb 1,𐝫𐘤𐘝𐝫
THE Zb 13,𐘏𐛻𐄙𐄑𐘾𐘇𐘤𐝫𐘃𐄙𐄑
THE Zb 2,𐘇𐘙𐘞𐘅
THE Zb 3,𐘇𐘗𐝫
THE Zb 4,𐝫𐘇𐘙𐝫
THE Zb 5,𐙁𐄓𐘫𐄋𐙑𐄍𐘎𐄏𐘳𐄊
THE Zb 6,𐘧
THE Zb 7,𐘇𐘧
TI Zb 1,𐝫𐙕𐘤𐝫
TL Za 1,𐘇𐘳𐘚𐙕𐘮𐘱𐄁𐘵𐘲𐘌𐘙𐄁𐘱𐘞𐘞𐘴𐘋𐄁𐘉𐘅𐘾𐘅𐘤𐝫𐝫𐘅𐙁𐘤𐘘𐝫
TRA Zb 1,𐝫𐘙𐘱𐝫
TRO Zg 1,𐘢𐘻𐘳𐘠𐘽
TRO Zg 2,𐘬𐘻𐘳𐘠𐘽
TRY Zb 1,𐝫𐘗𐘻𐝫≈𐝫𐘻𐘗𐝫
TY 2,𐙞𐝫𐘟𐘫𐘢𐄝𐙝𐝫𐄚𐄘𐙞𐘸𐘫𐄔𐙝𐘀𐘫𐝫𐄐𐘂𐘀𐘘𐙝𐘶𐘸𐄙𐙝𐘭𐘶𐝫𐙝𐝫𐄌𐙇𐄗𐄊𐙟𐘀𐘶𐄐𐄍𐝫𐙟𐘘𐘾𐄒𐙝𐘭𐘮𐘶𐄙𐄕𐝫𐙞𐘭𐘶𐄚𐄔𐙞𐝫𐝫
TY 3 a,𐝫𐘍𐙭𐜓𐄐𐄋𐝃𐜋𐄑𐄈𐘗𐘸𐄋𐜌𐄉𐝆𐜗𐝫𐜋𐄍𐝆—𐘇𐘬𐝫𐄁𐝫𐜓𐄔𐄇𐜔𐄈𐝂𐜕𐄇𐜌𐄊𐝆𐝫𐙋𐄊𐝫—𐘇𐘀𐜋𐄑𐄇𐜗𐄈𐝫𐝫𐘺𐘇𐘬𐘮𐙖𐝫𐄍𐝂—𐘇𐙂𐘹𐚕𐝫𐘸𐄋𐜖𐄇—
TY 3 b,𐘸𐘭𐘤𐜗𐄌𐝫—𐘢𐙂𐙀𐜓𐄊𐜗𐄐𐄇𐝫𐜍𐄈𐝫—𐘂𐜗𐝫𐄚𐄑𐝫𐝫
TY Wc 5,𐙂
TY Zb 4,𐘇𐙕𐘸𐘳𐘇
TY Zg 1,𐝫𐙁𐘘𐘇
VRY Za 1,𐝫𐘚𐘢𐘅𐙁𐘤𐘘𐘃𐄁𐝫
ZA 1 a,𐛀𐄁𐘸𐘙𐘍𐄁𐘝𐄓𐄈𐝆𐘍𐄋𐝫
ZA 1 b,𐘡𐘻𐝫𐘁𐙉𐄓𐄍𐝫
ZA 10 a,𐘳𐘅𐘃𐄈𐘂𐝫𐄇𐘇𐙂𐘻𐘅𐄇𐘇𐘳𐘅𐝠𐄇𐘇𐘻𐘀𐘉𐄇𐘇𐘬𐙂𐘻𐘅𐄇𐘀𐘚𐘢𐘳𐄇𐘬𐘙𐘍𐘈𐄈
ZA 10 b,𐘮𐚖𐄈𐘬𐘙𐘍𐘈𐙎𐄋𐘉𐘪𐄌𐙁𐘍𐄋𐙁𐘸𐘦𐝠𐄋𐘞𐙁𐄋𐘇𐘦𐄊𐘇𐘻𐘳𐄉𐘽𐘁𐘙𐄈𐘂𐘱𐘙𐄇𐘾𐙂𐘗𐘃𐝆𐘳𐄈𐘬𐄇𐝫
ZA 11 a,𐘆𐘆𐘺𐘴𐘋𐝫𐘷𐄁𐛀𐄁𐛭𐝫𐝫𐘴𐙁𐘤𐙍𐝆𐝫𐝫𐘡𐙂𐘘𐄈𐝃𐘶𐝈𐝉𐙍𐝆𐛟𐄊𐙂𐘂𐄁𐛭𐄇𐝫𐘢𐙠𐘇𐝫𐙋𐄈𐝫
ZA 11 b,𐘡𐘄𐘭𐛀𐄁𐘞𐙕𐘭𐄁𐛭𐄇𐘚𐙋𐄇𐝫𐝫𐘚𐘦𐝫𐝫𐘴𐄈𐙂𐘂𐄁𐛭𐄉𐝫
ZA 12 a,𐝫𐘂𐝫𐄕𐄊𐝫𐘠𐄐𐄉𐝫𐘘𐄑𐄎𐄌
ZA 12 b,𐝫𐝫𐘹𐝫𐄌𐝫𐘂𐝫𐄓𐝫𐘠𐄐𐄉𐘘𐄑𐄌
ZA 13,𐝫𐝫𐘲𐘂𐝫𐝫
ZA 14,𐘋𐘸𐘆𐄇𐘐𐙈𐄇𐘫𐘝𐘾𐚗𐄉𐘌𐘠𐘶𐄎𐙂𐘢𐄇𐘹𐘻𐘠𐘍𐘈𐄓𐄋𐝫𐘂𐘯𐘿𐄈𐘱𐘣𐝫𐝫𐝫
ZA 15 a,𐘨𐙂𐘅𐘞𐙍𐘿𐘤𐙀𐘡𐄔𐄍𐘚𐘠𐘝𐘞𐄐𐘋𐙍𐘻𐘍𐘈𐄉𐘛𐘯𐙁𐘙𐄌𐘤𐘢𐘸𐄈𐝆𐘱𐘞𐘕𐄋𐘞𐘻𐘀𐘡𐄊𐚗𐘥𐙁𐘈𐄋
ZA 15 b,𐘾𐘆𐄁𐙍𐄉—𐙂𐘁𐄁𐙍𐄖𐄎𐛿𐄐𐄍
ZA 16,𐝫𐝫𐘤𐝫𐝫𐝫𐘂𐄌𐝫𐘲𐄊𐝫𐝫
ZA 17,𐝫𐝫𐝫
ZA 18 a,𐘀𐘙𐙂𐝫𐄁𐙂𐙭𐄁𐛭𐄈𐝓𐙉𐝫𐄈𐝓𐜓𐝒𐙋𐝃𐝫
ZA 18 b,𐝫𐄈𐝆𐝃𐝉𐝫𐝫
ZA 19,𐝫𐝫𐘴𐘃𐝫𐝫
ZA 20,𐝫𐝫𐘬𐘙𐘍𐘈𐝫𐘻𐝫𐄁𐝫𐄊𐘤𐘃𐘹𐄇𐘤𐘹𐄌𐘃𐙌𐄐𐄈𐘘𐙁𐘳𐘈𐄉𐙂𐘴𐄙𐄒𐝫
ZA 21 a,𐝫𐘋𐝫𐝫𐘢𐘕𐄓𐝫𐝫𐝫𐙁𐝫𐘃𐄈𐘳𐘥𐝫𐝫𐘂𐝫𐄋𐘳𐙁𐘢𐝫𐝫𐄉𐘇𐝫𐝫𐙈𐘻𐝫𐄈
ZA 21 b,𐘚𐘀𐝫𐝫𐘸𐝫𐝫𐄈𐘞𐘭𐝫𐝫𐝫𐘋
ZA 22,𐝫𐝫𐘐𐝫𐘑𐄇𐝫𐝫𐄇𐘴𐝫𐄁𐝫𐘐𐄇𐝫𐝫𐄌𐘬𐘶𐝫𐘐𐄙𐝫
ZA 23,𐝫—𐝫𐘃𐘃𐝫𐝫𐘻𐘙𐝫
ZA 24 a,𐘚𐘀𐙉𐝫𐝫𐝫
ZA 24 b,𐝫𐘳𐝫𐝫
ZA 25,𐝫𐝫
ZA 26 a,𐘤𐘃𐄁𐘆𐘆𐝫𐝫𐘐𐄐𐄉𐘱𐘸𐝫𐝫𐘸𐝫𐝫
ZA 26 b,𐝫𐘐𐄍𐝫
ZA 27,𐝫𐝫𐝫𐘆𐘸𐄈𐘵𐘻𐝫
ZA 28,𐝫𐝫𐛭𐄇𐝫𐝫
ZA 29,𐝫𐝫𐙁𐄙𐝫𐝫𐘃𐝫𐝫
ZA 30,𐝫𐝫𐝫𐄍𐝫𐝫
ZA 31,𐝫𐝫𐘬𐄈𐝫𐝫
ZA 32,𐝫𐝫𐘱𐝫𐝫
ZA 33,𐝫𐝫𐄑𐄇𐝫𐝫
ZA 4 a,𐝫𐝫𐘡𐝫𐘢𐝫𐄁𐝫𐘈𐝫𐄋𐘱𐘄𐘱𐝫𐄉𐝫𐘇𐘠𐘘𐄊𐘱𐘂𐄇𐝫𐝫𐄁𐝫𐘹𐘋𐘈𐄐𐄎𐘿𐘤𐙀𐘡𐄊𐘛𐘯𐙁𐘙𐄐𐄉𐘤𐘢𐘸𐄋𐘡𐙃𐄔𐘾𐘆𐄉
ZA 4 b,𐝫𐝫𐙍𐄙𐄊𐝫
ZA 5 a,𐘐𐙈𐄁𐙍𐘲𐘸𐘝𐙁𐄍𐘵𐘳𐘝𐘍𐘈𐄌𐘞𐘻𐘀𐘡𐝫
ZA 5 b,𐘛𐘯𐙁𐘙𐄑𐘤𐘢𐘸𐄇𐝆𐙁𐘾𐘚𐘳𐄉
ZA 6 a,𐙙𐘮𐘅𐙑𐄐𐄏𐘟𐘶𐘃𐘻𐝫𐄙𐄗𐘚𐘈𐝫𐙋𐄐𐄋𐝫𐙋𐄐𐘚𐝫𐄈𐝫𐘜𐘽𐛭𐝫𐝫𐄑𐝫𐙋𐝫𐝫𐄑𐄋𐙘𐝫𐝫𐄑𐘚𐘈𐝫𐄁
ZA 6 b,𐘚𐙂𐘶𐘠𐘛𐛭𐄔𐝃𐛿𐄓𐜁𐄐𐙢𐘷𐛭𐄓𐝫𐄑—𐘂𐘍𐝫𐝫𐘚𐙁𐝫
ZA 7 a,𐘉𐘶𐄋𐘇𐘴𐘹𐄊𐘇𐘙𐘹𐘻𐝫𐝫
ZA 7 b,𐘇𐙁𐝫𐝫𐝄𐝉𐝫
ZA 8,𐘸𐘴𐄁𐘇𐘳𐘙𐄁𐘝𐝆𐙂𐘹𐘺𐘙𐝓𐘇𐘭𐘝𐘳𐄇𐝫𐝁𐝁𐘳𐘚𐘯𐙁𐘂𐝆𐙁𐘾𐘚𐘈𐄈𐝃𐝆𐘀𐘚𐘢𐘳𐄈𐝆𐘾𐘚𐘁𐄊𐝒
ZA 9,𐝫𐘯𐘠𐄁𐘍𐝫𐝫𐝢𐚽𐄋𐝫𐝫𐘁𐘤𐝢𐝫𐚽𐄊𐘇𐘳𐘅𐝫𐄁𐝫𐚽𐄈𐝫𐄁𐝫𐙁𐘶𐘐𐄈𐘣𐝢𐘙𐘻𐘃𐘐𐄇
ZA Wa 36,𐘁
ZA Wa 38,𐙕
ZA Wb 37,𐘤
ZA Wc 2,𐘇𐘠𐘾𐘇𐘬𐘺𐘻
ZA Zb 3,𐙍𐄒𐄈𐘆𐘆𐘾𐘈𐄁𐘇𐘞𐘕𐘗𐄁𐘇𐘈𐘇𐘳𐘚𐙕𐘦𐘾𐄁𐘇𐘙𐘢𐘙𐘅𐄁𐘠𐘠𐙂
ZA Zb 34,𐝫𐘜𐘙𐘱𐄁𐘺𐘕𐄁𐘘𐘆𐝫
ZA Zg 34,𐘮𐄕
ZA Zg 35,𐝫𐘋𐘻𐘱𐘘𐄁𐘈𐘮𐙄𐘦
