name,prob_word
AN Zb 1,𐘃
AP Za <3>,𐝫𐘱𐝫
AP Za 1,𐘱𐘳𐘚𐙕𐘉𐘱
AP Za 2,𐝫𐘅𐘤 𐘚𐘢𐘅𐙁𐝫 𐝫𐘚𐙂𐘰𐘅𐘹𐘅𐘃𐝫 𐝫𐘢𐘻𐘅𐘃 𐘚𐘅𐘱𐘙𐘳𐝫 𐝫𐘌
AR Zf 1,𐘚𐘀𐙁𐘃
AR Zf 2,𐘚𐘀𐙁𐘃𐝫
ARG Zg 1,𐘮 ≈ 𐙍𐘻
ARKH 1 a,𐝫𐘳𐘢 𐘌𐝫 𐝫𐘸𐝫 𐘇𐘴𐝫 𐝫𐘇𐘲𐘻𐙈𐝫 𐝫𐘗 𐘇𐘂𐝫 𐝫𐘻𐘸𐘞𐘗𐝫
ARKH 1 a f,𐝫𐘇𐝫
ARKH 1 b,𐘇𐝫 𐝫𐘱𐘙 𐝫𐘰𐝫 𐝫𐘅
ARKH 2,𐘤𐘀𐘃 𐙂𐘴 𐙎 𐘇𐘤𐘀𐘄𐘚 𐙀𐙕𐘈𐘦𐘐𐙈 𐘇𐘲𐘫𐘮 𐘘𐘻𐝫
ARKH 3 a,𐝫𐘾𐘗 𐙉𐝫 𐙋 𐙎 𐙩 𐝫𐘸𐘯 𐙉 𐝫𐘃 𐙩 𐙢 𐝫𐙂
ARKH 3 b,𐝫𐘱𐘢 𐙉 𐝫𐘢𐙦 𐙉 𐙖𐝫 𐙖 𐝫𐙍
ARKH 4 a,𐝫𐘝𐘳𐝫 𐝫𐘳 𐘙 𐘇𐝫 𐝫𐘶 𐘦𐘲𐝫 𐝫𐘨𐘃 𐘢𐘠𐘗𐘇𐝫
ARKH 4 b,𐝫𐘙 𐘉𐝫 𐝫𐘦𐘻 𐘚𐘨𐝫 𐘇𐘸𐘁 𐘍𐘤𐙀𐝫
ARKH 5,𐘇𐘬𐘝𐘳𐘅 𐘇𐘀𐘁 𐙉 𐙎 𐘇𐝫
ARKH 6,𐘀𐘅𐘹 𐙂𐝫 𐝫𐘃𐘭𐝫
ARKH 7,𐙜
ARKH Zb 10,𐘞 ≈ 𐘳𐙁𐝫
ARKH Zc 8,𐙚𐘳𐘧
ARKH Zf 9,𐘱𐘸𐘤𐘸𐘯 𐘻𐘀𐙁𐘽
ARM Zg 1,𐜈
CR (?) Zf 1,𐘇𐙁𐘮𐘤 𐘾𐘝𐘱𐘻 𐘚𐘱 𐘌𐘸𐘈𐘯𐘠 𐘇𐘳𐘦
CR Zf 5,𐘱
CR Zg 3,𐙍𐝫 ≈ 𐘝 ≈ 𐛿
CR Zg 4,𐘚𐘀𐘀 𐘇𐘁𐘃
FO Zc 1,𐙚𐘳𐘧
GO 2 r,𐘤𐝫 𐘾 𐘤 𐘀𐝫 𐘤𐘀𐘁 𐝫𐘈𐝫
GO 2 v,𐘀𐝫 𐘙 𐘈𐘤𐝫
GO Wc 1 a,𐘇𐘞𐘲𐙁𐘚𐘈
GO Wc 1 b,𐘖
GO Wc 3,𐝬
HS Zg 1,𐘇𐙁
HT 1,𐘿𐘽𐘉 𐘸𐘁 𐙀𐘲 𐘆𐘆𐘍𐘥 𐙂𐘰𐘯 𐘇𐘴𐘅𐘙
HT 10 a,𐙂𐘝𐘲 𐘞𐙁 𐘂 𐘀𐘙 𐘉𐙱𐘍 𐙕 𐘉𐙱𐘍 𐙙𐘘 𐘀𐘭𐘀 𐘋𐘍
HT 10 b,𐘉𐘠 𐘀𐘙 𐘳𐘭𐘅 𐙢𐘳 𐘾𐘞𐘘 𐘳𐘅𐘠
HT 100,𐝫𐛧 𐜝𐝫 𐛃 𐘸 𐙙 𐛩 𐙂𐘁 𐘞𐘽 𐙗 𐘝 𐙍 𐜋 𐜗 𐜍
HT 101,𐙀𐘓𐘆 𐛱 𐜋 𐜗 𐜓 𐘞𐘽 𐙉 𐙖 𐚸 𐙂𐘰𐝫 𐝫𐜋 𐙘 𐜓 𐙋 𐛺
HT 102,𐘾𐘂 𐘞𐘽 𐙉 𐘰𐘝 𐛭 𐝫𐙇𐛭 𐘆𐘭𐘅 𐙁𐙀 𐘣 𐘚𐘾 𐙂𐘁
HT 103,𐘉𐘷 𐘝 𐘰 𐘀𐙂𐘈𐘗𐝫 𐙓 𐘀𐙂𐘅 𐘀𐙂𐘈𐘗 𐘸𐘴
HT 104,𐘳𐘂 𐚷 𐘀𐙂𐘈𐘗𐘠 𐘚𐘬𐘠 𐘂𐘀𐘲𐘠 𐙂𐘁
HT 105,𐘾𐘂𐝫 𐝫𐙇 𐘞𐘽 𐙇
HT 106,𐘻𐘯𐘃 𐙗 𐘤 𐘤 𐘀𐝫 𐝫𐘤
HT 107,𐘃 𐙸
HT 108,𐘸𐘙𐘳𐘅 𐙇 𐛶 𐘆𐘅𐘁 𐘬𐘲𐘝 𐝫𐘽𐘠 𐘶𐝫
HT 109,𐝫𐘙 𐝫𐘳 𐙂𐘁 𐘇𐘴𐘶
HT 11 a,𐘇𐘘𐘴𐝫 𐘾𐘁𐘅 𐙮𐘭 𐙂𐘁 𐘇𐘲𐘱 𐙇𐘚 𐘷
HT 11 b,𐝫𐘦𐘯 𐘘𐘽 𐙅𐘾 𐘾 𐘾 𐘘𐙀𐘅 𐘾 𐘞𐘿𐘭 𐘾 𐙂𐘁
HT 110 a,𐘤𐘬𐘟𐙂𐘻 𐜚 𐙂𐘂 𐙂𐘁 𐝫𐘝
HT 110 b,𐙉𐝫 𐝫𐘁 𐜧 𐙁 𐘝 𐙁 𐙕
HT 111 a,𐝫𐘿𐘾 𐘌𐘞𐝫 𐝫𐘌𐘘 𐘆 𐝫𐘝𐝫
HT 111 b,𐘞𐘆 𐘿𐝫 𐘅𐝫 𐝫𐘝
HT 112 a,𐘐𐝫 𐝫𐘹𐘂𐝫
HT 112 b,𐝫𐙗
HT 113,𐘴𐘭𐘦𐝫 𐝫𐘣𐘞 𐘵
HT 113 ter,𐝫𐘻𐝫
HT 114 a,𐘸𐘭𐘷 𐘞𐘽 𐙉 𐙖 𐘝 𐙍 𐘖
HT 114 b,𐘞𐙍
HT 115 a,𐘨𐘯𐘴𐘱 𐘚 𐛯 𐘭𐘳𐙁𐘯𐘣 𐙕𐘉𐘴 𐘅𐘐𐘗𐘻𐘅 𐘈𐙂𐘹 𐘂𐘴𐘗 𐘇𐘈𐘱 𐘾𐘊𐘘 𐘭𐘲𐙁𐝫 𐘲
HT 115 b,𐝫𐘘 𐘂𐘴𐘗 𐘠𐘯𐘱 𐘯𐘣 𐙉 𐘬𐘰𐘅 𐙂𐘘𐙁 𐘚 𐙚𐘹𐘱 𐘇𐘚𐝫 𐜞 𐙂𐘳𐝫
HT 116 a,𐘉𐘳𐘁 𐘃 𐙂𐘂𐘱 𐙉 𐘫𐘽 𐙉 𐜉 𐛉 𐙉 𐜓 𐜗 𐙋 𐘢𐘟𐘃 𐙉 𐙖𐝫 𐜗 𐛺 𐘤𐘸𐘗 𐙉 𐙘 𐘌𐘯𐙁 𐙉 𐙘
HT 116 b,𐙂𐘁 𐙉 𐙘 𐙖
HT 117 a,𐙁𐘾𐘭𐘃 𐘸𐘁 𐘉𐘻𐘅𐘤 𐘉𐘲 𐘻𐘹 𐙂𐘴𐘕 𐙁𐘘 𐙂𐘰𐘯 𐘹𐘶𐙁 𐘉𐘆𐘻 𐘻𐘘𐘳𐘴𐘙 𐘃𐘱𐘙 𐘅𐘀𐘙 𐙂𐘁 𐘞𐘳 𐙂𐙂𐘀𐘴 𐘺𐘞𐘚𐘠 𐘀𐘻𐘯 𐘀𐘗𐙂𐘠 𐘸𐘀𐘁
HT 117 b,𐘐𐘹𐘗 𐙂𐘙𐘶 𐘆𐘸𐘈
HT 118,𐙄 𐛀 𐙁𐘆 𐘌𐘌𐘘 𐘇𐘭𐘲 𐘭𐘘𐙁 𐙂𐘁
HT 119,𐙳 𐙇 𐘭𐘻𐘤 𐘺𐘱 𐙂𐘰𐘅𐘹 𐘠 𐘱𐚅 𐙚𐘹 𐙳𐘶 𐙂𐘁
HT 12,𐘌𐘠𐘀𐘃 𐜉 𐙘 𐘿𐘹𐘗 𐚻 𐘡 𐛢 𐙈 𐜚 𐘝 𐚼 𐘀𐘚
HT 120,𐘀𐘿𐘴 𐘀𐘋 𐛷 𐛭 𐘀𐘉𐘪 𐘚𐛭 𐘸𐘙𐘳𐘅 𐛳 𐛭 𐘂𐘚𐘄
HT 121,𐘸𐘭𐘷 𐜘 𐘞𐘽 𐙉 𐙖 𐘝 𐙍 𐘖
HT 122 a,𐝫𐘴𐘭 𐘉𐘦𐘍 𐘀𐘤𐙈 𐘂𐝫 𐝫𐘆 𐘃𐘸 𐘌𐙠𐘚 𐘱𐘻𐘀𐘙 𐘤𐘀𐘙 𐙰𐘆𐘴 𐘂𐘦 𐙂𐘰𐘯 𐘂𐘳𐘗 𐙚𐘹 𐝫𐘬 𐙂𐘰𐘯 𐘀𐘭𐘀 𐙂𐘁 𐙂𐘀
HT 122 b,𐘧𐘆 𐚆 𐙇𐝫 𐝫𐙚𐘸𐘷 𐝫𐘇𐘴𐘶𐘉𐘦𐘍 𐘌𐘌𐘘 𐘆 𐘀𐘙 𐙂𐘁 𐘊𐘄𐙂𐘁
HT 123 a,𐘸𐘳𐘚 𐙋 𐙜 𐘸𐘁 𐘫𐙍 𐙋 𐙜 𐘸𐘁 𐘞𐘘 𐙋 𐙜 𐝫𐘸𐘁 𐘀𐘹 𐙋 𐙜 𐘸𐘁 𐙂𐘁 𐙋 𐙜 𐙂𐘁 𐘸𐘁
HT 123 b,𐙓𐙜 𐙢 𐘠𐘀𐘳 𐘢𐘞 𐙓 𐙓𐘬 𐘹𐘂𐘆𐘀 𐘾𐘅𐝫 𐝫𐘤𐘬 𐘬𐙁𐘚𐘅 𐙂𐘁 𐘸𐘁
HT 125 a,𐝫𐘽𐝫 𐝫𐜓 𐜋𐝫 𐝫𐜗 𐝫𐘞𐘽 𐙉 𐙖𐝫
HT 125 b,𐝫𐘙𐘷 𐛭 𐛵 𐙘 𐘝
HT 126 a,𐘀𐘅𐘤 𐙪 𐘇𐘅𐝫 𐘉𐝫 𐘤𐘆𐘱 𐝫𐘉𐘪 𐘢𐝫
HT 126 b,𐝫𐙙 𐙆 𐘐𐝫 𐝫𐙆𐝫 𐝫𐘹
HT 127 a,𐝫𐘬𐘗𐘻 𐝫𐜝𐘀𐘨𐙂
HT 127 b,𐝫𐘗 𐙂𐘁 𐙛 𐙂 𐛫 𐛖 𐙕 𐛖 𐙂𐘁
HT 128 a,𐙲 𐘂𐘴 𐘹𐘘𐘯𐘈𐘋 𐙉𐝫 𐘮𐘹𐙁𐘙 𐛲 𐝫𐘻𐘳 𐛭 𐛲 𐘆𐝫 𐛲 𐙁𐘭𐝫
HT 128 b,𐙇𐙵 𐛲 𐛲 𐘘𐝫 𐝫 𐛲
HT 129,𐘸𐘙𐘷 𐙉 𐙘 𐘝 𐘹𐘐𐘭𐘅 𐙉 𐜉 𐝫𐜓 𐝫𐙖𐝫
HT 13,𐘾𐘉𐘦𐘳 𐙍 𐘃 𐘙𐘍 𐘃𐘹 𐘃𐘸 𐙂𐙀𐘝 𐘀𐘤𐙈 𐘚𐘬𐘗𐘤 𐙂𐘁
HT 130,𐝫𐘤 𐘞𐘽 𐙗𐝫 𐝫𐘽𐝫 𐝫𐙂𐘁𐝫 𐘤𐙗 𐘝 𐙍
HT 131 a,𐝫𐘝 𐙂𐝫 𐘚𐘌𐙈 𐙉 𐝫𐙖 𐙘
HT 131 b,𐝫𐘝 𐝫𐙋 𐛼𐝫 𐘊𐘄𐙂𐘁
HT 132,𐘇𐘈 𐙫 𐘌𐘙𐘄 𐘓 𐘰 𐙙
HT 133,𐘇𐘬 𐘃 𐛬
HT 135 a,𐝫𐘗𐘻𐘅 𐝫𐘻𐘹 𐘻𐘾𐝫 𐘅𐘐𐘗𐝫 𐝫𐘻
HT 135 b,𐝫𐘳𐘗𐝫
HT 136,𐝫𐘓
HT 137,𐝫𐘷 𐙉𐝫 𐜗
HT 139,𐝫𐘫𐙁𐙂𐝫 𐝫𐙉𐝫 𐙖 𐝫𐘾𐘽𐝫
HT 14,𐘫𐙍 𐘃 𐙉 𐜗 𐜉 𐙘 𐙋 𐘇𐘜𐘅𐘬 𐙉 𐜗 𐜉 𐙘 𐙋
HT 140,𐘉𐘟𐘤 𐙅𐘤𐘝 𐘧𐘆 𐜓 𐘉𐘟𐘤𐝫 𐙅𐘤𐙈𐘾 𐘾𐝫 𐝫𐙁𐝫 𐝫𐘾𐝫 𐜋 𐘾 𐜋 𐝫𐘾 𐜋 𐘾𐘂 𐜋
HT 141,𐘇𐘭𐝫 𐝫𐘘𐘆𐝫
HT 144,𐘵𐝫
HT 146,𐝫𐘿𐝫 𐘭𐙙 𐙁 𐘭𐘾𐘳
HT 147,𐝫𐘴 𐝫𐘝𐝫
HT 15,𐘉𐘟𐘤 𐙉 𐘬𐙌𐘇 𐛹 𐙓 𐘸𐘁
HT 154,𐛀 𐘠𐝫 𐘸𐝫
HT 154 A,𐝫𐘹𐘋𐘂𐘱𐝫 𐝫𐙋𐝫 𐝫𐙉𐝫 𐝫𐙂 𐝫𐘳
HT 154 B,𐙉
HT 154 C,𐝫𐘅𐝫
HT 154 E,𐝫𐘝
HT 154 J a,𐝫𐘯𐘃𐝫
HT 154 N,𐝫𐘤𐝫 𐘤𐝫
HT 16,𐘾𐙂𐘂 𐘆𐘅𐘉 𐘮 𐜇 𐘞𐘊 𐘼
HT 17,𐘴󽇫𐘠 𐘃 𐙍 𐘞𐘁 𐘤𐘀𐘙
HT 18,𐘂𐘈 𐛱 𐜓 𐙘 𐘞𐘽 𐙉 𐘝
HT 19,𐘴𐙐𐘠 𐘃 𐙍 𐘞𐘁 𐘬𐘋𐘆
HT 2,𐘇𐘾𐘘 𐜋 𐝫𐜊 𐜎 𐝫𐘸𐘙𐘳𐘅 𐜋 𐝫𐜊
HT 20,𐘂𐘁𐘲 𐙂𐙁𐘶 𐘿𐙂𐘙 𐘆 𐘑 𐘞𐘙𐘶 𐘮 𐜇
HT 21,𐘢𐘳𐘾𐘈 𐘃 𐙉 𐜋 𐜎 𐙘 𐙋
HT 22,𐛸 𐜣
HT 23 a,𐘾𐘅 𐙗 𐙜 𐜍 𐜖 𐜏 𐛚 𐙍 𐚹 𐚺 𐘡 𐘐𐘭𐘹𐘌 𐘞𐘞𐘋 𐛊 𐘺𐘘
HT 23 b,𐘝𐘴 𐙗 𐙖𐝫 𐛚 𐝫𐘕𐝫 𐚻𐝫 𐚹 𐘡
HT 24 a,𐙂𐘰𐘭𐘱 𐘸𐙁𐘘𐝫 𐙁𐘘𐘋 𐙁𐘘𐘋 𐘂𐘞𐘭𐘱 𐙁𐘘𐘋𐝫 𐘘𐘚𐘺 𐛢𐝫
HT 24 b,𐝫𐙈 𐛋𐙈 𐛒𐙈
HT 25 a,𐘆𐘅𐘉𐝫 𐝫𐘘𐘝 𐘉𐘙𐘣 𐘆𐘅𐘉 𐘇𐘭𐘝𐘳 𐘹𐘿𐘯𐝫 𐝫𐙀𐘶𐘜 𐘬𐘘𐘣𐝫 𐝫𐘚𐘸𐘴 𐘂
HT 25 b,𐙂𐘁 𐘣𐘃𐘁 𐘚𐘠 𐙇 𐙇 𐙂𐘁
HT 26 a,𐜮 𐙢𐘃𐘃 𐘳𐘠 𐘻𐘸𐘈𐘅 𐘉𐘯𐘐
HT 26 b,𐜮 𐙇 𐝫𐘁𐘝 𐘾𐘉𐙀𐘝 𐛖 𐘚𐙜 𐙓𐙅
HT 27 a,𐘠𐘝𐘳 𐙛 𐙇 𐙅 𐘙 𐝫𐘚𐘻𐘞𐘴 𐝫𐘿 𐘸𐘀𐝫 𐝫𐘸𐙠 𐙂𐙙𐝫 𐝫𐘞𐘴𐘆 𐙇 𐙂𐘁 𐙗 𐘝 𐙍
HT 27 b,𐝫𐘻𐘀 𐛾 𐘞 𐝫𐙍 𐙉 𐘞 𐘙 𐙍 𐘤 𐘂𐘈 𐛽 𐘞 𐘙 𐙍𐝫 𐝫𐙉 𐘞 𐘙𐝫
HT 28 a,𐘇𐘤𐘱𐘾 𐘱𐘐 𐛱 𐜋 𐜓 𐜗 𐜖 𐘞𐘽 𐜉 𐘝 𐙍 𐛧𐙍 𐘇𐘘𐘀𐘴 𐙉 𐙘 𐜉 𐘚𐘳𐘱 𐜉
HT 28 b,𐘇𐘤𐘱𐘾 𐘉𐘻𐘅𐘤 𐘞𐘽 𐙉 𐜉 𐘝 𐙍 𐘫𐘽 𐘝 𐘱𐘐 𐙍 𐘣𐘆𐘅 𐜉 𐙍
HT 29,𐘘𐙁𐘳 𐘂𐘱𐘙 𐝫𐘆𐘱𐘚 𐘞𐙯𐘻 𐝫𐘸𐘳 𐘇𐘙𐘀𐘚 𐘾𐘬𐙁𐘗
HT 3,𐝫𐙁𐝫 𐝫𐘆𐘅𐝫 𐘿𐘽𐘱𐝫 𐘆 𐘕𐘘 𐘘𐝫 𐝫𐘤𐘹𐘽𐘙 𐘆𐝫 𐝫𐙂𐘰𐘯 𐝫𐙁𐘆 𐘀𐝫
HT 30,𐘤 𐘞𐘽 𐙗𐝫 𐘝 𐙍 𐜐 𐚻 𐘞𐘴𐘴 𐘖 𐘸𐘁 𐙗 𐘝 𐙍 𐘖 𐜐
HT 31,𐝫𐘠𐘞 𐘫𐘺 𐚪 𐚢𐘌𐘰 𐚯𐘲𐘫 𐝫𐚰𐘾𐘁𐘰 𐘞𐘱𐙁 𐘸𐘦𐙁𐙯𐘅 𐚢 𐚢𐘲𐘰𐘴 𐚢𐘂𐘳𐘿
HT 32,𐙛 𐘞𐘽 𐙜 𐜍 𐚻 𐚹 𐛚 𐘲𐘙 𐘆 𐜍𐝫 𐝫𐘙 𐘆
HT 33,𐘞𐘽 𐜫 𐚺 𐚹 𐛆 𐛜 𐙙 𐜦 𐛐
HT 34,𐘀𐘶𐘃 𐘤𐛀 𐘞𐘽 𐛜𐝫 𐘡 𐙉 𐝫𐛅 𐚻 𐚹 𐛛 𐛂 𐘰 𐘸𐘁 𐛆 𐘫
HT 35,𐘠𐘠𐙂 𐙲 𐘚𐙂𐘳 𐙗 𐛚 𐜏 𐙜 𐜐𐝫 𐘡 𐚻 𐙍
HT 36,𐘧𐘆 𐜠𐛱 𐘬𐙀𐘮
HT 37,𐛛 𐘾𐘸 𐘲𐝫 𐝫𐘙𐘲𐝫 𐘸𐙠𐘙 𐘸𐘁 𐘾𐘸 𐘇 𐝫𐘿
HT 38,𐘀𐘁𐘂 𐚣 𐙄 𐘒 𐛞𐙈 𐛎 𐛏
HT 39,𐘳𐘚𐙌 𐝫𐙂𐘙𐘶 𐙂𐝫 𐝫𐘞𐙁𐘠 𐙂𐘙𐝫 𐝫𐙂𐘁 𐜯 𐝫𐛤 𐛍𐝫
HT 4,𐝫𐙚𐘠𐘾𐘇𐘙𐝫 𐝫𐘬𐘭𐘃 𐘂𐘙𐝫 𐝫𐘳𐘢𐘤𐘆
HT 40,𐘯𐘬𐙷 𐘃 𐙉 𐘸𐘀𐘳 𐙉𐝫 𐙂𐘁𐝫 𐙂𐝫
HT 41 a,𐝫𐘿𐘹 𐙙 𐙘 𐘙 𐙘 𐘻𐘀𐘝 𐘂𐘱
HT 42 + 59,𐝫𐘳 𐛉 𐘃 𐜓 𐜋 𐘞𐘁 𐜓 𐜋 𐙂𐝫 𐝫𐙖𐝫 𐜗 𐘲𐘬𐝫 𐝫𐘙𐘃 𐜓 𐜋𐝫
HT 43,𐙁𐘤𐘬 𐘂𐚂𐘚 𐘚 𐛭
HT 44 a,𐘚𐘌𐙈 𐙉𐝫 𐜒 𐜋 𐜑 𐙋 𐝫𐘝 𐙍𐝫
HT 44 b,𐝫𐘱 𐘃𐛵𐝫 𐘝𐝫 𐝫𐙍
HT 45 a,𐘂𐝫 𐝫𐙅 𐙙 𐝫𐙪 𐙙
HT 45 b,𐚺 𐝫𐙂 𐙪 𐙙 𐚺 𐘂𐝫 𐝫𐘇 𐙂 𐙂
HT 46 a,𐝫𐘕𐘘 𐝫𐙂𐘁
HT 47 a,𐘾𐝫 𐝫𐛗 𐙂𐘰𐘅𐘹 𐝫𐘬 𐘉𐝫 𐝫𐘢 𐘸𐘀𐘁𐝫 𐝫𐘻𐘯𐘻
HT 47 b,𐝫𐘴𐘅𐘙𐝫
HT 49 a,𐝫𐘽𐘬𐝫 𐝫𐘳𐘅𐘠 𐝫𐘭 𐘲𐝫𐘸 𐘠𐘬𐘝 𐝫𐘤𐘴 𐘇𐘘 𐙢 𐙂𐘰𐘯 𐘹𐘲𐘜 𐘸 𐘹 𐘸
HT 49 b,𐝫𐙂𐝫 𐝫𐘚𐘸𐝫 𐝫𐘳 𐝫𐘾𐝫
HT 5,𐝫𐙛𐝫 𐝫𐙁𐘤 𐝫𐘣𐘬
HT 50 a,𐝫𐙉𐝫 𐜓 𐜗 𐜎 𐙘 𐝫𐙋 𐛺
HT 50 b,𐜓 𐝫𐜉
HT 51 a,𐘝 𐘃 𐙁𐝫 𐝫𐘈 𐘠𐘝𐝫 𐝫𐘙𐝫
HT 51 b,𐝫𐙂𐘋𐘳 𐝫𐙀𐘬 𐘤𐝫
HT 52 a,𐘞𐙁 𐘃 𐘆𐘾𐘸𐝫
HT 52 b,𐝫𐘗 𐙉
HT 53 a,𐝫𐘞𐘗𐝫 𐝫𐙖𐝫 𐘴𐝫
HT 53 b,𐝫𐙂𐘙𐝫
HT 54 a,𐝫𐙂𐘻𐘅𐘿𐝫 𐝫𐘸𐘻𐘽𐝫
HT 54 b,𐘸𐝫
HT 55 a,𐝫𐘸𐘁 𐙁𐘙 𐝫𐙕 𐘤𐘘 𐘗𐝫 𐝫𐘹
HT 55 b,𐝫𐘃 𐘿𐝫 𐝫𐘭𐘱 𐘚𐝫
HT 56 a,𐙓 𐘞𐝫 𐘉𐝫
HT 56 b,𐜓
HT 57 a,𐘀𐘿𐘴𐝫 𐘇𐝫
HT 57 b,𐝫𐙙
HT 58,𐘿𐘠𐘴𐘬 𐙇𐝫 𐜋 𐜗𐝫 𐝫𐜎 𐙋 𐝫𐘉𐘸𐝫
HT 6 a,𐘾𐘂 𐘀𐘳𐘴 𐘃 𐘝 𐘢𐘳𐘱 𐛑 𐙁𐙭 𐘵𐘽𐘆𐘗 𐘾𐘂𐘿 𐘀𐘿𐘴 𐘿𐘢𐘳 𐘝
HT 6 b,𐘮𐘬𐘝𐘻 𐘴𐘠𐘈 𐙁𐘭𐘙𐘚 𐘬𐘀𐙁 𐘀𐘸 𐘞𐙁 𐘰𐘝𐘅
HT 60,𐝫𐜏 𐛙 𐙍 𐝃 𐚹𐝫 𐝫𐚻
HT 61,𐝫𐘻𐘠 𐛲
HT 62,𐝫𐘅 𐙉 𐘾𐙂 𐘛𐘠𐝫 𐘆𐝫 𐘾𐝫 𐝫𐙇𐝫 𐘺𐝫 𐝫𐘯
HT 62 + 73,𐝫𐘞𐘴 𐘃 𐙍𐝫
HT 63,𐙙 𐘃 𐘾𐘠 𐘲𐘜𐝫 𐝫𐙀
HT 64,𐝫𐙂𐙀𐘅𐝫 𐝫𐘅 𐘘𐙁𐝫 𐘑
HT 65,𐜤
HT 66,𐙀 𐙇 𐝫𐘆 𐘳𐝫 𐝫𐘳𐘻𐝫 𐝫𐘙
HT 67,𐝫𐙂𐘁 𐝫𐘝 𐘃
HT 68,𐝫𐘶 𐙇𐝫
HT 69,𐘆 𐝫𐙁𐘆 𐝫𐘆
HT 7 a,𐘿𐘠 𐙇 𐘚𐘘𐘱 𐘬𐘱 𐘳𐘅𐘠 𐘀𐘙 𐘃𐘹
HT 7 b,𐘐𐘹𐘗 𐘀𐘘𐙵
HT 70,𐝫𐘝 𐘃 𐝫𐘌𐙈𐘞 𐝫𐘚
HT 72,𐘤𐙇𐝫
HT 73,𐝫𐙂𐝫 𐘂𐘚𐘸𐝫 𐘞𐘁𐘿𐝫
HT 74,𐝫𐙂𐘁
HT 75,𐘾𐘘𐝫
HT 78,𐝫𐘕𐙢𐝫
HT 79 + 83,𐝫𐘚 𐙙𐝫 𐝫𐘾 𐘀𐘰𐝫 𐝫𐘹𐘂𐘭 𐝫𐘹𐝫 𐝫𐙂𐘝𐝫 𐝫𐙀
HT 8 a,𐘧𐘆 𐜓 𐘰𐘾𐘴𐘠 𐘂 𐘃𐙕 𐘌𐙠𐘚 𐘤𐘸𐘴 𐘸𐘙𐘳𐘅
HT 8 b,𐘲𐘜𐙓 𐘰𐙓 𐘌𐙠𐘚 𐘾𐘂 𐘂𐘱𐘙 𐛥
HT 80,𐝫𐘶𐘴𐝫
HT 81,𐘇𐘈 𐛚 𐝫𐘭𐘲𐙁 𐘸𐝫
HT 82,𐝫𐛮 𐜜
HT 84,𐘐𐘱𐘬𐝫 𐝫𐘯𐘠 𐙇𐝫
HT 85 a,𐘇𐘬 𐜠 𐙇 𐘀𐘭𐘀 𐘰𐘝 𐘉𐙱𐘍 𐘀𐘤𐙈 𐙂𐙀𐘝 𐘃𐘥 𐘀𐘙 𐙂𐘁𐝫
HT 85 b,𐘸𐘸𐘴𐘱 𐘸𐘙𐘷 𐘿𐘾 𐘂 𐘃𐘹𐝫 𐘾 𐘆 𐘋𐘍 𐘙𐘆𐘈 𐘮𐘬𐘝𐘻 𐙁𐘆 𐘌𐙠𐘚
HT 86 a,𐘇𐘾𐘘 𐙂𐘝𐘲 𐛷 𐘞𐘘 𐘆𐘦𐘘 𐘌𐘽𐘮 𐘇𐘬 𐘀𐘋 𐛳 𐘻𐘯𐘃
HT 86 b,𐘇𐘾𐘘 𐙂𐘝𐘲 𐛷 𐘞𐘘 𐘆𐘦
HT 87,𐘐𐘹𐘗 𐙁𐘾𐘭𐘃 𐘢𐘳𐘥𐘤 𐘱𐘙𐘻 𐘆𐘸𐘈 𐘿𐘲𐘫 𐙂𐘘𐙂 𐘇𐘴𐝫 𐝫𐘇𐘹
HT 88,𐘇𐘬 𐛧 𐘙𐘍 𐘝 𐘸𐘸𐘅 𐘸𐘁 𐙂𐘰𐘰 𐘾𐘶 𐙂𐘰𐘯 𐘂𐘱𐘙 𐘞𐙁𐘁 𐘀𐘳𐘙 𐙂𐘁
HT 89,𐘇𐘞𐘽 𐙛 𐙙 𐛕 𐙁𐘚𐘻 𐛩 𐘳𐘴 𐙂𐘁 𐙗 𐘝 𐙍
HT 9 a,𐘞𐘁 𐘃 𐙍 𐘂𐘦 𐙚𐘹 𐘆𐘅𐘉 𐘿𐘫 𐙰𐘆𐘴 𐘳𐘚𐙌 𐘇𐘘 𐙂𐘁
HT 9 b,𐘰 𐘮𐘱𐘢𐝫 𐘾𐙙 𐘂𐘦 𐘇𐘤 𐙚𐘹 𐙰𐘆𐘴 𐘿𐘫 𐘳𐘚𐙌 𐘆𐘅𐘉 𐙂𐘁
HT 90,𐘚𐙂𐘭𐘅 𐘞𐘽 𐙉 𐘝 𐜉 𐘤𐘘𐙁𐘭𐘷 𐙉 𐘝 𐜗 𐙘
HT 91,𐘚𐘾 𐙲 𐙉 𐙘 𐜓 𐜋 𐜗 𐙋 𐘝 𐙍 𐘡 𐘃𐘭 𐜗 𐘡
HT 92,𐘃 𐘇𐘬 𐙉 𐙘
HT 93 a,𐘰𐘝𐘅 𐙉𐘰 𐚿 𐘆𐘭𐘅 𐚴 𐘸𐘆𐘝 𐘇𐘈 𐘚𐛭 𐘞𐘽 𐘌𐘌𐘘 𐘚𐛭 𐙇𐘚 𐘦𐘶𐙂 𐘵𐘠𐝫 𐘀𐘭𐘀 𐚦 𐚃 𐘰𐘝𐘅𐝫 𐝫𐘂𐘈𐘱 𐙇 𐝫𐘾
HT 93 b,𐘸𐘁𐝫
HT 94 a,𐘾𐘂 𐙇 𐙅 𐛃 𐛪 𐘳 𐙂𐘁 𐘞𐘽 𐙗 𐘝 𐙪𐙚 𐙗 𐘝 𐘝
HT 94 b,𐘸𐘁 𐘹𐙁 𐘂𐘳𐘗 𐘦𐘆 𐘥𐘸𐘘 𐘞𐘘 𐙂𐘁 𐙅 𐘴𐝫 𐝫𐘦𐘋𐘃 𐘐𐘹𐝫
HT 95 a,𐘀𐘬𐙁𐘳 𐙉 𐘀𐘋 𐘻𐘯𐘃 𐘞𐘘 𐙂𐘝𐘲 𐘆𐘦𐘘 𐘿𐘽𐘉
HT 95 b,𐘇𐘬 𐘞𐘘 𐘀𐘋 𐘻𐘯𐘃 𐙂𐘝𐘲 𐘆𐘦𐘘 𐘿𐘽𐘉
HT 96 a,𐘚𐘠𐘠𐙂𐘝 𐘇𐘂𐘴𐘗 𐘇𐙌𐘃 𐘤𐘻𐘳 𐙉 𐘘𐘞 𐙯𐙩 𐘢𐘳𐘴 𐙯𐚄 𐝫𐙂𐙁𐘁 𐘃𐘝 𐝫𐘝
HT 96 b,𐘇𐘂𐘴𐘗 𐘌𐙈𐘴𐘙 𐛀 𐙉 𐜋 𐘝
HT 97 a,𐘾𐘘 𐜠 𐛧 𐙳 𐘾𐘯𐘠 𐘂𐘚𐘄 𐘆 𐘅𐘠 𐙁𐘆 𐘶 𐘸 𐙀 𐘳𐘠 𐘦𐝫 𐝫𐘇
HT 97 b,𐘞𐘽
HT 98 a,𐝫𐘦 𐝫𐘹 𐘳𐘅𐘠 𐘆𐘙𐘆𐘅 𐘃𐙕 𐘁𐘥 𐘾𐘭𐙠𐘚
HT 98 b,𐝫𐙓𐝫 𐝫𐙍 𐘀𐘘𐘗𐘃
HT 99 a,𐘇𐘬 𐘞𐘽 𐙗 𐘝 𐙍 𐛱
HT 99 b,𐛉𐘝 𐘀𐘤𐙈 𐙀𐘬 𐘘𐙁𐘳
HT W 231A,𐙋
HT W 231B,𐙓
HT Wa 1001,𐘀𐘾
HT Wa 1002,𐘀𐘾
HT Wa 1003,𐘀𐘾
HT Wa 1004,𐘀𐘾
HT Wa 1005,𐘀𐘾
HT Wa 1006,𐘚𐘽
HT Wa 1007,𐘚𐘽
HT Wa 1008,𐘚𐘽
HT Wa 1009,𐘚𐘽
HT Wa 1010,𐘚𐘽
HT Wa 1011,𐘚𐘽
HT Wa 1012,𐘚𐘽
HT Wa 1013,𐘚𐘽
HT Wa 1014,𐘤𐘾
HT Wa 1015,𐘤𐘾
HT Wa 1016,𐘤𐘾
HT Wa 1017,𐘤𐘾
HT Wa 1018,𐘤𐘾
HT Wa 1019,𐘂𐘳𐘗 𐘤𐘹
HT Wa 1020,𐜝𐙂𐘂 𐝃 𐘧𐘳𐘅
HT Wa 1021,𐙓𐘬 𐝆𐝃 𐛉𐛔
HT Wa 1021 bis,𐜝𐜙
HT Wa 1022,𐛁
HT Wa 1023,𐝃
HT Wa 1024,𐝃
HT Wa 1025,𐝆𐙕
HT Wa 1026,𐝃𐙕
HT Wa 1027,𐘾𐘤
HT Wa 1028,𐘤𐘾
HT Wa 1029,𐙕𐙕
HT Wa 1030,𐙕𐙕
HT Wa 1031,𐘀
HT Wa 1032-1033,𐘁
HT Wa 1034,𐘁
HT Wa 1035-1040,𐘁
HT Wa 1041,𐘁
HT Wa 1042-1043,𐘁
HT Wa 1044,𐘁
HT Wa 1045,𐘁
HT Wa 1046,𐘁
HT Wa 1047,𐘁
HT Wa 1048,𐘁
HT Wa 1049,𐘁
HT Wa 1050-1053,𐘁
HT Wa 1054,𐘁
HT Wa 1055-1058,𐘁
HT Wa 1059,𐘁
HT Wa 1060,𐘁
HT Wa 1061,𐘁
HT Wa 1062,𐘁
HT Wa 1063-1069,𐘁
HT Wa 1070-1072,𐘁
HT Wa 1073,𐘁
HT Wa 1074-1078,𐘁
HT Wa 1079-1085,𐘁
HT Wa 1086,𐘁
HT Wa 1087-1088,𐘁
HT Wa 1089-1093,𐘁
HT Wa 1094,𐘁
HT Wa 1095-1103,𐘁
HT Wa 1104-1106,𐘁
HT Wa 1107,𐘁
HT Wa 1108,𐘁
HT Wa 1109,𐘁
HT Wa 1110,𐘁
HT Wa 1111-1112,𐘁
HT Wa 1113,𐘁
HT Wa 1114,𐘁
HT Wa 1115,𐘁
HT Wa 1116,𐘁
HT Wa 1117,𐘁
HT Wa 1118,𐘁
HT Wa 1119,𐘁
HT Wa 1120,𐘁
HT Wa 1121,𐘁
HT Wa 1122,𐘃
HT Wa 1123,𐘃
HT Wa 1124,𐘃
HT Wa 1125,𐘃
HT Wa 1126-1129,𐘃
HT Wa 1130,𐘃
HT Wa 1131,𐘃
HT Wa 1132-1133,𐘃
HT Wa 1134,𐘃
HT Wa 1135-1137,𐘃
HT Wa 1138,𐘃
HT Wa 1139,𐘃
HT Wa 1140,𐘃
HT Wa 1141,𐘃
HT Wa 1142,𐘃
HT Wa 1143,𐘃
HT Wa 1144,𐘃
HT Wa 1145,𐘃
HT Wa 1146,𐘃
HT Wa 1147,𐘇
HT Wa 1148,𐘇
HT Wa 1149,𐘇
HT Wa 1150,𐘚
HT Wa 1151-1153,𐘚
HT Wa 1154,𐘚
HT Wa 1155,𐘚
HT Wa 1156-1169,𐘚
HT Wa 1170,𐘚
HT Wa 1171-1172,𐘚
HT Wa 1173,𐘚
HT Wa 1174,𐘚
HT Wa 1175,𐘤
HT Wa 1176,𐘤
HT Wa 1177-1180,𐘤
HT Wa 1181-1191,𐘤
HT Wa 1192,𐘤
HT Wa 1193-1198,𐘤
HT Wa 1199,𐘤
HT Wa 1200-1215,𐘤
HT Wa 1216,𐘤
HT Wa 1217-1218,𐘤
HT Wa 1219,𐘤
HT Wa 1220-1223,𐘤
HT Wa 1224,𐘤
HT Wa 1225,𐘤
HT Wa 1226-1231,𐘤
HT Wa 1232-1235,𐘤
HT Wa 1236-1237,𐘤
HT Wa 1238,𐘤
HT Wa 1239-1240,𐘤
HT Wa 1241-1250,𐘤
HT Wa 1251,𐘤
HT Wa 1252-1253,𐘤
HT Wa 1254-1255,𐘤
HT Wa 1256-1257,𐘤
HT Wa 1258,𐘤
HT Wa 1259,𐘤
HT Wa 1260,𐘤
HT Wa 1261,𐘤
HT Wa 1262-1264,𐘤
HT Wa 1265-1266,𐘤
HT Wa 1267,𐘳
HT Wa 1268,𐘳
HT Wa 1269,𐘳
HT Wa 1270,𐘳
HT Wa 1271-1277,𐘳
HT Wa 1278,𐘳
HT Wa 1279,𐘵
HT Wa 1280,𐘵
HT Wa 1281,𐘵
HT Wa 1282,𐘼
HT Wa 1283,𐘼
HT Wa 1284-1285,𐘼
HT Wa 1286,𐘼
HT Wa 1287-1292,𐘼
HT Wa 1293,𐘼
HT Wa 1294,𐘼
HT Wa 1295,𐘼
HT Wa 1296,𐘼
HT Wa 1297-1298,𐘼
HT Wa 1299,𐘼
HT Wa 1300,𐘼
HT Wa 1301,𐘼
HT Wa 1302-1303,𐘼
HT Wa 1304,𐘼
HT Wa 1305,𐘼
HT Wa 1306,𐘼
HT Wa 1307,𐘼
HT Wa 1308,𐘼
HT Wa 1309,𐘼
HT Wa 1310,𐘼
HT Wa 1311,𐘼
HT Wa 1312-1313,𐘼
HT Wa 1314,𐘼
HT Wa 1315,𐘼
HT Wa 1316,𐘼
HT Wa 1317,𐘼
HT Wa 1318,𐘼
HT Wa 1319,𐘼
HT Wa 1320,𐘼
HT Wa 1321,𐘼
HT Wa 1322,𐘾
HT Wa 1323,𐘾
HT Wa 1324-1336,𐘾
HT Wa 1337-1351,𐘾
HT Wa 1352-1366,𐘾
HT Wa 1367-1371,𐘾
HT Wa 1372-1379,𐘾
HT Wa 1380,𐘾
HT Wa 1381,𐘾
HT Wa 1382-1396,𐘾
HT Wa 1397-1399,𐘾
HT Wa 1400-1405,𐘾
HT Wa 1406,𐘾
HT Wa 1407,𐘾
HT Wa 1408,𐘾
HT Wa 1409-1411,𐘾
HT Wa 1412-1417,𐘾
HT Wa 1418-1420,𐘾
HT Wa 1421,𐘾
HT Wa 1422,𐘾
HT Wa 1423-1426,𐘾
HT Wa 1427-1441,𐘾
HT Wa 1442-1445,𐘾
HT Wa 1446-1449,𐘾
HT Wa 1450,𐘾
HT Wa 1451,𐘾
HT Wa 1452-1455,𐘾
HT Wa 1456,𐘾
HT Wa 1457-1458,𐘾
HT Wa 1459-1461,𐘾
HT Wa 1462,𐘾
HT Wa 1463,𐘾
HT Wa 1464,𐘾
HT Wa 1465,𐘾
HT Wa 1466,𐘾
HT Wa 1467-1469,𐘾
HT Wa 1470,𐘾
HT Wa 1471,𐙂
HT Wa 1472,𐙂
HT Wa 1473-1480,𐙂
HT Wa 1481-1482,𐙂
HT Wa 1483-1489,𐙂
HT Wa 1490,𐙂
HT Wa 1491-1510,𐙂
HT Wa 1511,𐙂
HT Wa 1512,𐙂
HT Wa 1513-1517,𐙂
HT Wa 1518,𐙂
HT Wa 1519-1527,𐙂
HT Wa 1528,𐙂
HT Wa 1529,𐙂
HT Wa 1530,𐙂
HT Wa 1531,𐙂
HT Wa 1532,𐙂
HT Wa 1533-1537,𐙂
HT Wa 1538-1539,𐙂
HT Wa 1540,𐙂
HT Wa 1541,𐙂
HT Wa 1542,𐙂
HT Wa 1543-1545,𐙂
HT Wa 1546,𐙂
HT Wa 1547,𐙂
HT Wa 1548-1555,𐙂
HT Wa 1556,𐙂
HT Wa 1557,𐙂
HT Wa 1558,𐙂
HT Wa 1559,𐙂
HT Wa 1560,𐙂
HT Wa 1561,𐙂
HT Wa 1562-1565,𐙂
HT Wa 1566,𐙂
HT Wa 1567-1575,𐙂
HT Wa 1576-1578,𐙂
HT Wa 1579-1580,𐙂
HT Wa 1581,𐙂
HT Wa 1582,𐙂
HT Wa 1583-1585,𐙂
HT Wa 1586-1590,𐙂
HT Wa 1591,𐙂
HT Wa 1592,𐙂
HT Wa 1593,𐙂
HT Wa 1594-1595,𐙂
HT Wa 1596-1599,𐙂
HT Wa 1600,𐙂
HT Wa 1601-1604,𐙂
HT Wa 1605,𐙂
HT Wa 1606,𐙂
HT Wa 1607,𐙂
HT Wa 1608,𐙂
HT Wa 1609,𐙂
HT Wa 1610,𐙂
HT Wa 1611,𐙂
HT Wa 1612,𐙂
HT Wa 1613,𐙂
HT Wa 1614,𐙂
HT Wa 1615,𐙂
HT Wa 1616,𐙂
HT Wa 1618,𐙂
HT Wa 1619-1620,𐙂
HT Wa 1621,𐙂
HT Wa 1622,𐙂
HT Wa 1623,𐙕
HT Wa 1624-1629,𐙕
HT Wa 1630,𐙕
HT Wa 1631,𐙕
HT Wa 1632-1633,𐙕
HT Wa 1634-1637,𐙕
HT Wa 1638,𐙕
HT Wa 1639,𐙕
HT Wa 1640,𐙕
HT Wa 1641-1642,𐙕
HT Wa 1643-1649,𐙕
HT Wa 1650-1651,𐙕
HT Wa 1652,𐙕
HT Wa 1653,𐙕
HT Wa 1654,𐙕
HT Wa 1655-1657,𐙕
HT Wa 1658,𐙕
HT Wa 1659-1660,𐙕
HT Wa 1661-1662,𐙕
HT Wa 1664,𐙕
HT Wa 1665,𐙕
HT Wa 1666-1667,𐙕
HT Wa 1668,𐙕
HT Wa 1669-1670,𐙕
HT Wa 1671,𐙕
HT Wa 1672-1676,𐙕
HT Wa 1677,𐙕
HT Wa 1678,𐙕
HT Wa 1679,𐙕
HT Wa 1680-1686,𐙕
HT Wa 1687-1690,𐙕
HT Wa 1691-1694,𐙕
HT Wa 1695-1696,𐙕
HT Wa 1697,𐙕
HT Wa 1698,𐙕
HT Wa 1699-1707,𐙕
HT Wa 1708,𐙕
HT Wa 1709,𐙕
HT Wa 1710,𐙕
HT Wa 1711,𐙕
HT Wa 1712,𐙕
HT Wa 1713-1718,𐙕
HT Wa 1719-1720,𐙕
HT Wa 1721-1722,𐙕
HT Wa 1723,𐙕
HT Wa 1724,𐙕
HT Wa 1725-1739,𐙕
HT Wa 1740,𐙕
HT Wa 1741,𐙕
HT Wa 1742,𐙕
HT Wa 1743,𐙕
HT Wa 1744,𐙕
HT Wa 1745-1748,𐙕
HT Wa 1749,𐙕
HT Wa 1750,𐙕
HT Wa 1751,𐙕
HT Wa 1752-1754,𐙕
HT Wa 1755,𐙕
HT Wa 1756,𐙕
HT Wa 1757,𐙕
HT Wa 1758,𐙕
HT Wa 1759,𐙕
HT Wa 1760-1761,𐙕
HT Wa 1762,𐙕
HT Wa 1763-1769,𐙕
HT Wa 1770-1773,𐙕
HT Wa 1774-1776,𐙕
HT Wa 1777-1778,𐙕
HT Wa 1779,𐙕
HT Wa 1780-1781,𐙕
HT Wa 1782-1784,𐙕
HT Wa 1785-1789,𐙕
HT Wa 1790,𐙕
HT Wa 1791,𐙕
HT Wa 1792,𐙕
HT Wa 1793,𐙕
HT Wa 1794,𐙕
HT Wa 1795-1796,𐙕
HT Wa 1797-1798,𐙕
HT Wa 1799,𐙕
HT Wa 1800,𐙕
HT Wa 1801,𐙕
HT Wa 1802-1804,𐙕
HT Wa 1805-1809,𐙕
HT Wa 1810,𐙕
HT Wa 1811-1812,𐙕
HT Wa 1813,𐙕
HT Wa 1814,𐙕
HT Wa 1815,𐙕
HT Wa 1816,𐙕
HT Wa 1817-1818,𐙕
HT Wa 1819-1820,𐙕
HT Wa 1821-1822,𐙕
HT Wa 1823,𐙕
HT Wa 1824-1825,𐙕
HT Wa 1826,𐙕
HT Wa 1827-1829,𐙕
HT Wa 1830,𐙕
HT Wa 1831-1832,𐙕
HT Wa 1833,𐙕
HT Wa 1834,𐙕
HT Wa 1835,𐙕
HT Wa 1836,𐙕
HT Wa 1837-1839,𐙕
HT Wa 1840,𐙕
HT Wa 1841-1842,𐙕
HT Wa 1843,𐙕
HT Wa 1844,𐙕
HT Wa 1845+1733,𐙕
HT Wa 1846,𐙕
HT Wa 1847,𐙕
HT Wa 1848,𐙕
HT Wa 1849,𐚙
HT Wa 1850,𐚚
HT Wa 1851,𐚛
HT Wa 1852,𐚜
HT Wa 1853,𐚝
HT Wa 1854,𐚞
HT Wb 2001,𐘁
HT Wb 2002,𐘁
HT Wb 229,𐙓 𐜙
HT Wc <3018>,𐘾 𐜙
HT Wc 3001,𐘂𐘈𐘱 𐝆
HT Wc 3002,𐘂𐘈𐘱
HT Wc 3003,𐘾𐘙𐘁
HT Wc 3004,𐘳𐘝𐘾 𐘈
HT Wc 3005,𐘳𐘝𐘾 𐘈
HT Wc 3006,𐘮𐘵𐘻 𐘴𐙦𐘴
HT Wc 3007,𐘮𐘆𐘝
HT Wc 3008,𐘮𐘆𐘝 𐘘𐘱𐘳𐘆
HT Wc 3009,𐙹𐘆𐘲𐘾 𐙓
HT Wc 3010,𐙹𐘆𐘅𐘲𐘾
HT Wc 3011,𐙀𐘆𐘴
HT Wc 3012,𐙀𐘆𐘴 𐘙𐘁
HT Wc 3013,𐙓
HT Wc 3014,𐙂𐘻𐘅𐘿 𐘒
HT Wc 3015,𐘾𐙂𐘂 𐙗
HT Wc 3016,𐘾𐙂𐘂 𐜝𐜙
HT Wc 3017,𐘌𐙂𐘙 𐘆𐙚 𐜙𐜝
HT Wc 3019,𐘮 𐝃
HT Wc 3022 (?),𐙇
HT Wc 3024,𐘇𐘴𐘹𐘋 𐘓
HT Wd 1617,𐙂
HT Wd 1663,𐙕
HT We/Wc 3020,𐙓𐘬 𐜝𐜙
HT Zb 158 a,𐝫𐘹𐘈𐘲𐘸
HT Zb 158 b,𐘲𐘸𐘭𐘃𐘚𐘱
HT Zb 159,𐘇𐘅𐘯𐘤𐘱𐘈𐝫
HT Zb 160,𐘂𐘳𐘀𐘬𐘜𐘙𐝫
HT Zb 161,𐝫𐘤𐘫𐝫
HT Zb 162,𐘆𐄉𐘠𐘬
HT Zb 162bis,𐘀
HT Zd 155,𐘇𐘶 𐘅𐙁𐙁𐘠𐘠𐙫
"HT Zd 157, 156, 155",𐘣𐘱𐘲𐙁𐘠𐘠 𐙫 𐙫 𐙫 𐙫 𐘳𐘱 𐙫 𐘇𐘶 𐘅𐙁𐘠𐘠 𐙫
HT Zd 157+156,𐘣𐘱𐘲𐙁𐘠𐘠𐙫𐝫𐘗𐄇𐘗𐄇𐝆𐙫𐄈𐝃𐙫𐄉𐝃𐝄𐘳𐘱𐝇𐝫
HT Zf 163,𐘀
HT Zf 164,𐘀
HT Zf 165,𐘚
HT Zf 166,𐙯
HT Zf 167,𐙜
HT Zf 168,𐘗 𐘀
HT Zg 163,𐝄
IO Za <1>,𐘇𐘧𐘞
IO Za 11,𐝫𐘅𐝫 𐝫𐘀𐘀𐝫 𐝫𐘉𐘠𐘯 𐘚𐘅𐘚𐘀𐝫
IO Za 12,𐘱𐘞 𐘞𐘴𐘋 𐘚𐘠𐝫
IO Za 13,𐝫𐙁𐘚𐝫
IO Za 14,𐘤𐝫𐘘𐘃 𐘚𐘆𐝫
IO Za 15,𐝫𐘚𐘢𐘅𐙁 𐘤𐘘𐝫𐘃
IO Za 16,𐝫𐙌 𐘱𐘞𐘞𐘴 𐘋 𐘉𐘅𐘘𐘾𐝫𐘅𐘤
IO Za 2,𐘇𐘳𐘚𐙕𐘮𐘱 𐘱𐘆𐘸𐘹 𐘱𐘞𐘞𐘴𐝫𐘋 𐘉𐘅𐘾𐘅𐝫𐘤𐝫 𐝫𐘚𐘢𐘅𐙁 𐘤𐘘𐘃 𐘳𐘅𐘴𐘃𐘉𐘠𐘯 𐘚𐝫
IO Za 3,𐘇𐘳𐘚𐙕𐘮𐘱 𐙄𐝫
IO Za 4,𐝫𐙕𐘮𐝫
IO Za 5,𐝫𐘚𐘱𐘙𐘆𐘱 𐘚𐘱𐘂𐝫
IO Za 6,𐘳𐘅𐘚𐙕𐘉𐘠𐘯 𐘚𐘅𐘳𐘚𐙀𐘆𐘤𐘾 𐘱𐘞𐘞𐘴𐘋
IO Za 7,𐘇𐘳𐘚𐙕𐘮𐘱 𐘱𐘠𐙭𐝫
IO Za 8,𐝫𐘇𐘅𐘠𐙕𐘮𐘱𐝫
IO Za 9,𐘱𐘞𐘞𐝫𐘴𐘋 𐘉𐘅𐘾𐝫𐘅𐘤
IO Zb 10,𐝫𐘇𐘞𐘞𐘴𐘋
KA Zf 1,𐘹𐘯
KAM Zb 1,𐘯𐘁
KAN Za 1,𐘇𐝫 𐝫𐘚
KE 1,𐘾𐘞𐝫
KE Wc 2,𐝂 𐝁𐝁
KE Zb 3,𐘸
KE Zb 4,𐘱𐘤𐘡
KE Zb 5,𐜀
KE Zb 6,𐝫𐘜𐝫
KE Zb 7,𐝫𐘢𐝫
KH 1,𐝫𐘧 𐛵 𐘝𐝫
KH 10,𐙉 𐘚𐘂𐘞𐘱 𐘌𐙈 𐘇𐘸𐘢𐘡𐘃 𐙉
KH 100,𐚌𐙚𐝫 𐝫𐘁 𐙍𐝫 𐝫𐘥
KH 11,𐘇𐘬𐝫 𐝫𐘍 𐙗 𐘲 𐜚 𐙍 𐙚 𐙗 𐚈𐙗 𐘇𐘄𐚉𐘄𐘚 𐜚 𐘝 𐙍 𐘇𐘳𐚊 𐙕 𐙚 𐘤𐙗
KH 12,𐝫𐙗𐝫 𐙜 𐛚 𐙻𐝫 𐛀 𐜫 𐜩 𐝫𐜩
KH 13,𐝫𐘇𐘈𐘙𐘍𐝫 𐙘𐝫𐙗 𐝫𐘀𐘚𐝫
KH 14,𐝫𐘴 𐘇𐙁𐘱 𐙗 𐝫𐙗 𐙼 𐙗 𐝫𐘝 𐛨 𐙗𐝫
KH 15,𐝫𐙗𐝫 𐘝 𐝫𐘝
KH 16,𐙗 𐝫𐘉𐘳𐘚𐘤 𐜙𐝫 𐘳𐝫
KH 17,𐘝𐝫 𐝫𐘝 𐘇𐝫
KH 18,𐝫𐜨 𐘚𐙂𐘢𐝫 𐝫𐙏 𐙂 𐘤𐝫 𐝫𐚵 𐙏 𐚶𐝫
KH 19,𐝫𐙚𐛨 𐜐
KH 2,𐘹𐝫 𐙗𐝫 𐙚𐜚𐝫
KH 20,𐘇𐘤𐘸𐘴 𐜚𐝫 𐝫𐘬𐘙𐘍 𐜚 𐘝
KH 21,𐝫𐙗 𐘝 𐙚𐘿𐘬𐝫
KH 22,𐝫𐘍 𐘲 𐜚𐝫 𐝫𐘤 𐙗𐝫
KH 23,𐘇𐘬𐝫 𐝫𐙗𐝫
KH 24,𐝫𐘲
KH 25,𐝫𐙇 𐝫𐙇
KH 26,𐝫𐙇 𐝫𐘝
KH 27,𐝫𐘝𐝫 𐝫𐛭
KH 28,𐝫𐘈 𐛵𐝫
KH 29,𐝫𐘴 𐘷𐝫 𐙂𐘂𐝫 𐙗
KH 3,𐝫𐘯
KH 30,𐝫𐘝
KH 31,𐝫𐜨 𐜪𐝫
KH 32,𐘚𐙷𐝫
KH 33,𐝫𐜙𐝫 𐘇𐝫
KH 34,𐝫𐜚 𐘝𐝫
KH 35,𐙗𐝫
KH 36,𐝫𐘾 𐛚 𐝫𐘅𐝫
KH 37,𐜜 𐘣𐝫 𐜜
KH 38,𐜙
KH 39,𐘇𐘳𐝫 𐝫𐜐𐝫
KH 4,𐘇𐘬𐘙𐝫 𐝫𐙚 𐙗
KH 40,𐝫𐘤𐘅𐝫
KH 41,𐝫𐘾𐘳𐘙𐝫
KH 42,𐝫𐜟𐝫
KH 43,𐝫𐛢𐘙 𐛇𐝫
KH 44,𐝫𐙻𐝫
KH 45,𐘇𐝫
KH 46,𐙍𐝫
KH 47,𐝫𐘌𐘗𐝫 𐘤𐝫 𐝫𐘴 𐙚𐝫
KH 49,𐝫𐘘𐝫 𐝫𐙂𐝫
KH 5,𐘇𐘸𐘤𐘾 𐘇𐘴𐘉𐘀 𐘣𐘞𐘞𐘗 𐜚 𐜂 𐘣𐘅𐘬 𐙕𐘅 𐙂𐘂𐙀 𐙗𐝫 𐘝
KH 50,𐝫𐘳 𐝫𐘧 𐘿𐝫
KH 51,𐝫𐘤𐘚𐘤 𐘹𐝫
KH 52,𐝫𐘳𐘉𐝫
KH 53,𐝫𐘇𐘋𐙌 𐘗𐝫
KH 54,𐝫𐜚 𐙉𐝫
KH 55,𐜐 𐘝𐝫
KH 57,𐝫𐘹𐝫 𐝫𐘎 𐝫𐙗𐝫
KH 58,𐝫𐙗𐝫 𐘝𐝫 𐝫𐜚 𐘇𐝫 𐝫𐜚 𐝫𐙗𐝫 𐘇𐙕𐝫
KH 59,𐝫𐘚 𐝫𐘆𐘅
KH 6,𐝫𐜙 𐘆𐘤𐝫 𐝫𐘃𐘯𐘙𐝫 𐝫𐘸𐘞𐘗 𐜙 𐚇𐝫 𐝫𐙗𐝫 𐘭𐘳𐘧 𐜙𐝫 𐝫𐘑 𐜙 𐘕 𐘂𐝫 𐝫𐘙 𐙺 𐜙 𐘢𐘞𐝫 𐝫𐜙 𐘢𐘞𐝫 𐝫𐜙 𐙄𐘙𐘃 𐙚 𐙗
KH 60,𐝫𐘴𐘸𐘳𐘅𐘤𐝫 𐝫𐙏 𐘷𐙗𐝫 𐛚
KH 61,𐙁𐝫 𐜐 𐝫𐙗𐝫 𐙉
KH 62,𐝫𐙁𐝫
KH 63,𐝫𐘲 𐝫𐜩
KH 64,𐝫𐘳𐝫
KH 65,𐝫𐘝𐝫
KH 68+71,𐝫𐜨
KH 7 a,𐝫𐘗𐝫 𐝫𐘸 𐙺 𐜙 𐝫𐘚 𐜚 𐘡𐘅𐘤 𐛪 𐜙 𐘚𐘱𐘂𐘋 𐘳𐘳 𐘌𐘠𐘸 𐛪 𐜙 𐘈𐙙 𐙂𐝫 𐝫𐘺𐘡 𐛪 𐜙
KH 7 b,𐘉𐘳𐘚𐘈 𐜙 𐝫𐘂𐘅𐘹 𐜙 𐜝 𐘤 𐜛
KH 73,𐘇𐝫 𐘝 𐜝 𐘇𐝫
KH 74,𐝫𐘤 𐘱𐘀𐘲𐝫 𐝫𐘤𐝥𐘻
KH 75,𐝫𐙗𐝫 𐘝
KH 76,𐝫𐘤 𐙗𐝫
KH 77,𐝫𐙗𐝫
KH 79+89,𐝫𐘻𐘅𐝫 𐝫𐘂𐘳 𐘇𐘴𐝫 𐝫𐘂𐘀𐘝
KH 8,𐝫𐘙𐝫 𐝫𐘳 𐜙 𐘝 𐝫𐙉 𐙘 𐙗 𐙇𐝫 𐝫𐘝 𐙢 𐚻
KH 80,𐙖𐝫
KH 81,𐛛
KH 82,𐝫𐜏 𐝫𐙧 𐝫𐙼𐝫
KH 83,𐘇𐘆𐘗𐝫 𐜩𐝫
KH 84,𐝫𐙗 𐝫𐙕 𐙚𐝫 𐜩𐝫
KH 85,𐝫𐜐 𐙜𐝫 𐝫𐜩 𐙏𐝫 𐝫𐙘𐝫 𐝫𐙗𐝫
KH 86,𐝫𐘙𐘍 𐙗𐝫 𐝫𐙗𐝫 𐘢𐘯𐝫 𐝫𐙗𐝫
KH 87,𐙚𐝫 𐘖
KH 88,𐘌𐘯𐙁 𐘐𐙈 𐘝 𐘫𐘦
KH 9,𐘇𐘤𐘲𐘊𐘇 𐛨𐝫 𐘝 𐘻𐝫 𐝫𐘚𐘤 𐜙 𐙗 𐙍𐝫 𐝫𐙗 𐛌𐙘
KH 90,𐝫𐘱𐝫 𐝫𐙁𐘳𐘭𐘳𐝫
KH 91,𐙉 𐙍𐝫 𐝫𐙨 𐙀𐝫 𐘹 𐘝𐝫 𐝫𐜩 𐜪𐝫
KH 92,𐘇𐘀𐘐𐘭 𐙂𐘝𐘃 𐝫𐘅𐘸
KH 94,𐝫𐘌𐝫𐘫 𐘚𐝫𐘍𐝫
KH 95,𐘈
KH 97 a,𐝫𐘙𐘇𐘱𐝫 𐝫𐘅𐝫
KH 97 b,𐝫𐘈𐘚𐝫
KH 99,𐝫𐘂𐘭𐘦𐝫 𐝫𐘇𐘤𐙈 𐝫𐙂𐘾𐝫
KH Wa 1001,𐜡 𐚳
KH Wa 1002,𐜡 𐚳
KH Wa 1003,𐙃
KH Wa 1004,𐙃
KH Wa 1005-1008,𐘼
"KH Wa 1009, 1010",𐘼
KH Wa 1011,𐙕
KH Wa 1012,𐙕
KH Wa 1013,𐙅𐘁
"KH Wa 1014, 1015",𐙅𐘁
KH Wa 1016,𐙅𐘁
KH Wa 1017,𐙕
KH Wa 1018,𐚟
KH Wa 1019,𐝃
KH Wc 2001,𐘵
KH Wc 2002,𐘵
KH Wc 2004,𐙇𐝫
KH Wc 2005,𐘾𐘅𐘝𐘠
KH Wc 2006,𐚱
KH Wc 2007,𐚱
KH Wc 2008,𐚫
KH Wc 2009,𐚫
KH Wc 2010,𐚩
KH Wc 2011,𐚫
KH Wc 2012,𐚫
KH Wc 2013,𐚫
KH Wc 2014,𐚫
KH Wc 2015,𐚫
KH Wc 2016,𐚫
KH Wc 2017,𐚫
KH Wc 2018,𐚫
KH Wc 2019,𐚫
KH Wc 2020,𐚩
KH Wc 2021,𐚩
KH Wc 2022,𐚫
KH Wc 2023,𐚫
KH Wc 2024,𐚫
KH Wc 2025,𐚩𐝫
KH Wc 2026,𐙮
KH Wc 2027,𐙮
KH Wc 2028,𐙔
"KH Wc 2029, 2030",𐛧
KH Wc 2031,𐛧
KH Wc 2032,𐛧
KH Wc 2033,𐘵
KH Wc 2034,𐘵
KH Wc 2035,𐘵
KH Wc 2036,𐙐
KH Wc 2037,𐙐
KH Wc 2038,𐙐
KH Wc 2039,𐙐
KH Wc 2040,𐙐
KH Wc 2041,𐙐
KH Wc 2042,𐙐
KH Wc 2043,𐙐
KH Wc 2044+2096,𐙐
KH Wc 2045,𐙐
KH Wc 2046,𐜈
KH Wc 2047,𐜈
KH Wc 2048,𐜈
KH Wc 2049,𐜈
KH Wc 2050,𐜈
KH Wc 2051,𐜈
KH Wc 2052,𐜈
KH Wc 2053,𐜈
KH Wc 2054,𐝥𐘻
KH Wc 2055,𐝥𐘻
KH Wc 2056,𐜥
KH Wc 2057,𐜥
KH Wc 2058,𐛦
KH Wc 2059+2091+2092,𐛦
KH Wc 2060,𐛦
KH Wc 2061,𐛦
KH Wc 2062,𐛦
KH Wc 2063,𐘒
KH Wc 2064,𐛝
KH Wc 2065,𐝥𐚋
KH Wc 2066,𐛀
KH Wc 2067,𐙾
KH Wc 2068,𐙾
KH Wc 2069,𐘖
KH Wc 2070,𐛀
KH Wc 2079,𐚫
KH Wc 2084,𐚨
KH Wc 2095,𐙐
KH Wc 2097,𐛥
KH Wc 2098,𐙮
KH Wc 2099,𐛝
KH Wc 2100,𐙇𐚌𐘱
KH Wc 2101,𐘵
KH Wc 2102,𐘏
KH Wc 2103,𐚨
KH Wc 2104,𐘵
KH Wc 2105,𐘵
KH Wc 2106,𐛧
KH Wc 2109,𐛦
KH Wc 2110,𐘵
KH Wc 2111,𐙐
KH Wc 2113,𐜈
KH Wc 2114,𐚨𐝫
KH Wc 2115,𐘵
KH Wc 2117,𐙇𐝫 𐛥
KH Wc 2118,𐘵
KH Wc 2122,𐚨
KH Wc 2123,𐝭𐘢𐘾
KH Wc 2124,𐘮
KH Zb 98,𐘝
KN 1 a,𐘱𐙂𐘠 𐘡
KN 1 b,𐘱𐘬𐘴𐘠 𐘡
KN 2,𐝫𐘘𐘅 𐙈 𐛁
KN 22 a,𐝫𐘲𐘶𐘳𐝫 𐝫𐘾𐘧𐝫
KN 22 b,𐝫𐘊𐘆𐘰
KN 22 c,𐝫𐙁𐘲𐘻 𐝫 𐝫𐘅𐝫
KN 28 a,𐝫𐘓 𐝫𐙠 𐝫𐙉𐝫
KN 28 b,𐝫𐘃 𐛓
KN 32 a,𐝫𐘇𐘂𐝫 𐘇𐘾𐘳𐝫
KN 32 b,𐝫𐘃𐝫 𐝫𐘞𐘫 𐘂𐝫 𐝫𐘱𐘲
KN 54,𐝫𐘫𐘴𐝫 𐝫𐙏
KN Wa 40,𐝈𐝫
KN Wa 50,𐙕
KN Wb 33,𐘌𐘸𐝫 𐘯𐘈𐝫
KN Wb 50,𐙕
KN Wc 23,𐘽
KN Wc 26,𐘘𐘱 𐘝𐘢
KN Wc 29,𐘑
KN Wc 3,𐝫𐘾𐘚𐘾𐝫
KN Wc 30,𐝫𐘱𐘴
KN Wc 42,𐝫𐘅 𐘵
KN Wc 48,𐝫𐘃
KN Za 10,𐝫𐘳𐘯𐘕𐘠 𐘱𐘞𐘞𐘴𐙁 𐘅 𐘀𐘮𐝫 𐝫𐘬𐘮𐘄 𐘚𐘱𐝫
KN Za 17,𐝫𐘱𐘿
KN Za 18,𐝫𐘱 𐝫 𐝫𐘱 𐘱𐘮𐝫
KN Za 19,𐝫𐘥𐘶𐘻𐝫 𐝫𐙈𐘻𐘅
KN Zb <27>,𐘆𐘅𐘉 𐙍
KN Zb <36>,𐙍
KN Zb <37>,𐙍
KN Zb <38>,𐙍
KN Zb <39>,𐘝
KN Zb 20,𐝫𐘅𐘇𐘰
KN Zb 34,𐛻
KN Zb 35,𐝫𐘱𐝫𐘆𐝫𐘣𐝫 𐝫𐙖 𐘝
KN Zb 4,𐝫𐘶 𐘱𐘤 𐘤𐝫
KN Zb 40,𐘇𐘂𐘸 𐘉𐘅𐘇
KN Zb 5,𐘇𐘹𐘭𐘤𐘠
KN Zb 52,𐙀𐘭𐘝𐙁
KN Zb 54,𐝫𐘫𐘴𐝫
KN Zb 56,𐘁𐛧
KN Zc 6,𐘟𐘠𐘭𐘇𐘆𐘀𐘸𐘠𐘂𐙂 𐘝𐘱𐘯 𐘶𐙂𐘅𐘂𐙂𐘯𐘉𐝫𐘚𐙀
KN Zc 7,𐘇𐘾𐘯𐘍𐘠 𐘬𐘴𐘙 𐘇𐙀𐘴 𐘱𐘞𐘴𐘇𐘅𐘗 𐘣𐘢𐝫
KN Zd 46,𐝫𐘫𐝫
KN Ze 16,𐘇𐘢
KN Ze 44,𐘚𐝫𐘮𐘱
KN Ze 45,𐘾𐘤𐘇𐘃
KN Ze 49,𐘥𐘤𐘃
KN Ze 56,𐘵𐘀𐝫
KN Zf 13,𐘇𐘙𐘗𐘤𐘆𐙕𐘢𐘥𐘂𐘱𐘳𐘭𐘈𐘃𐘭𐘕𐘇𐘱𐙂
KN Zf 31,𐝫𐘤𐝫𐘤𐘍𐘗𐙠 𐘀𐘬𐘻𐘗 𐘌𐘻𐘨𐘅𐘴 𐘇𐘮𐘢 𐘃𐘲𐘦𐘈𐘥𐘚 𐘇𐘀𐘴 𐘠𐘆𐘃𐘌𐘠 𐘳𐘞𐘍 𐘳𐘃𐘚𐘥𐘍𐘙
KN Zg <21>,𐛈
KN Zg 55,𐘱𐘞𐘱
KO (?) Zf 2,𐘇𐘴𐘺𐙂𐙀𐘮𐘞𐘄𐙁𐘁𐙄𐘳𐘦𐘊𐘝𐘍
KO Za 1,𐘇𐘳𐘚𐙕𐘮𐘱 𐘹𐘘𐘞 𐘬𐙦𐘙 𐘚𐘀𐘇 𐘉𐘅𐘾𐘅𐘤 𐘚𐘢𐘅𐙁 𐘤𐘘𐘃
KY Za 2,𐘀𐙁𐘃
KY Zg 1,𐛴
LA Zb 1 (bis),𐘱𐘠𐘹𐙂
MA 1 a,𐄂𐘚𐘬𐘣 𐘨 𐘿𐘦𐘻𐘯
MA 1 b,𐘇𐙁 𐘨 𐘿𐘦𐘻𐘯
MA 1 c,𐘠
MA 10 a,𐝫𐘘 𐜲 𐜰 𐜱
MA 10 b,𐝫𐘬𐘢𐘃𐘮 𐜭 𐜰 𐜬 𐛄
MA 10 c,𐝫𐜰 𐜱 𐚤𐝫
MA 10 d,𐝫𐜴 𐜳
MA 2 a,𐝫𐘬𐘴
MA 2 b,𐝫𐘙𐘠 𐝫𐘠 𐘱𐙂 𐘠𐝫
MA 2 c,𐝫𐘉𐘅𐘅 𐝫𐘱𐙁𐘉𐘠
MA 4 a,𐘳𐜅 𐜆 𐜄 𐜃
MA 4 b,𐘇𐝫𐝫𐘱 𐙒
MA 6 a,𐝫𐙒𐝫 𐜅
MA 6 b,𐝫𐙒
MA 6 c,𐝫𐜅 𐙒𐝫 𐝫𐙒𐝫
MA 6 d,𐝫𐙒
MA Wc <5>,𐘇𐘞𐘀𐘾 𐛴
MA Wc 7,𐙒
MA Zb ??,𐚥𐝇
MA Zb 8,𐘱𐘞𐝫
MA Ze 11,𐘿𐘤𐘃
MARG Wa 1-26,𐘾
MI 2,𐘫𐝫 𐝫𐘬𐘾𐝫 𐜪𐝫 𐘾
MI Zb 1,𐘸𐘘
MIL Zb 1,𐝫𐘰𐘤𐘨
MO Zf 1,𐙹𐘞𐘕
MY Za 2,𐘲
MY Zf 1,𐛉
MY Zf 2,𐁁
MY Zg 1,𐘲
NE Za 1,𐝫𐘚𐘀𐝫
PA 1,𐘇𐙂𐘶𐘂𐙈
PE 1,𐘉𐘾𐘙𐘇𐘈𐘤𐘅 𐙂𐘂𐘭 𐙇 𐛭 𐘡𐘾𐝫 𐙇 𐛭
PE 2,𐘘𐘢𐝫𐙙𐘻 𐘇𐙱𐘍 𐘇𐘭𐘂 𐘌𐘌𐘀 𐘄𐘋 𐘄𐘪𐘙
PE Ws,𐙉𐘠𐘡
PE Wy 5,𐙖𐙛
PE Zb,𐝫𐘇𐘯𐝫
PE Zb 3,𐘇𐘾𐘴𐘸𐘳𐘅𐘤𐘱𐘈𐙇𐘍
PE Zb 7,𐝫𐘇 𐘱𐘮𐘢
PE Zb 8,𐘇
PE Zc 4,𐝫𐘇𐘱𐝫 ≈ 𐝫𐘱𐘤𐝫
PE Zg 5,𐙖 𐙛
PE Zg 6,𐘚𐘅𐝫 𐝫𐘃 𐘳𐘅𐙁𐘧
PH (?) 31 a,𐝫𐘇𐝫 𐝫𐘘 𐚾 𐙁𐘆 𐘑 𐘓𐝫 𐝫𐘗 𐙂𐘰𐘯 𐙄𐘤𐘙 𐘂𐘳𐘀𐝫 𐙂𐘁 𐚾 𐘑 𐘐
PH (?) 31 b,𐝫𐘐 𐘓 𐝫𐘬𐘭 𐘑 𐘹𐝫 𐝫𐘗 𐘑 𐘐 𐘃𐘭 𐘔𐝫 𐘭𐘘𐙁𐘠 𐘔 𐙄𐘤𐘙 𐘇𐘻𐘀𐘵 𐘔
PH 1 a,𐝫𐘆𐘴𐘆𐘅 𐙨 𐝫𐘱 𐙨 𐙗
PH 1 b,𐝫𐘅 𐘂𐝫 𐝫𐘝
PH 10,𐚏𐘡𐚎 𐙒
PH 12 a,𐙇𐙿𐙒
PH 12 c,𐘃
PH 13 a,𐝫𐙒𐙴
PH 13 b,𐝫𐚐
PH 13 c,𐝫𐘃𐙀
PH 14 a,𐝫𐘱𐙘 𐘝
PH 14 b,𐘇𐘻𐝫
PH 15 a,𐝫𐙁𐘃𐘙 𐙿
PH 15 b,𐝫𐚑 𐙒𐝫
PH 16 a,𐝫𐘠𐘅𐝫 𐝫𐚒𐘝𐝫
PH 16 b,𐝫𐘱𐘞𐝫 𐘠𐝫
PH 17 a,𐝫𐚓𐝫
PH 17 b,𐝫𐚔𐝫
PH 18 a,𐝫𐘣𐘱𐝫
PH 19,𐘢𐘵𐝫
PH 2,𐘇𐘈𐘹𐘐 𐘴𐘵𐘆𐘸 𐘢𐘘𐘡𐘶 𐘈𐘞𐘰
PH 24,𐘁𐘡
PH 25,𐙍
PH 26,𐝫𐙦
PH 27,𐝫𐘃𐝫 𐝫𐘇𐝫
PH 28 a,𐝫𐘇𐘰𐝫 𐘱𐘸𐘰𐝫 𐘇𐘭𐘱𐝫
PH 28 b,𐙘 𐝮
PH 3 a,𐝫𐛠 𐘳𐝫 𐝫𐛡 𐛣 𐝫𐛢 𐘂𐘴 𐝫𐘂𐝫
PH 3 b,𐝫𐛘 𐝫𐘤 𐝫𐘤
PH 30,𐝫𐘠 𐝫𐙁𐘙𐘭𐘻𐘦𐝫
PH 6,𐘚𐘅𐘮 𐘇𐘭 𐘚𐙀𐘭𐘝𐘳 𐘇𐘭 𐘚𐘀𐘰𐘚𐘞𐘭
PH 7 a,𐝫𐘆𐘂𐘱𐝫 𐝫𐘉𐘆𐘭𐘸𐝫 𐝫𐘱𐘘𐙁𐘗𐝫 𐝫𐘱𐘤𐘀𐘴𐝫
PH 7 b,𐝫𐘳 𐝫𐘀𐘴 𐝫𐙏
PH 8 a,𐝫𐜵 𐝫𐙇 𐙘 𐜶
PH 8 b,𐝫𐙨 𐜢𐝫
PH 9 a,𐙩𐘿𐚍
PH 9 b,𐝫𐚬𐙍
PH Wa 32,𐘲𐘸𐘭𐘳
PH Wb 36,𐘃
PH Wc 37,𐘾𐙦𐘤 𐙬
PH Wc 38,𐙦𐘳𐙁
PH Wc 39,𐘱𐘆 𐘁
PH Wc 40,𐘠𐘠𐙁 𐘅
PH Wc 41,𐙍
PH Wc 43,𐙍
PH Wc 44,𐘏
PH Wc 46,𐙴𐘡 ≈ 𐘠
PH Wc 52,𐙍
PH Wg 45,𐘡𐘷𐘿
PH Wy 42,𐙍
PH Zb <47>,𐙴
PH Zb 4,𐘤𐙁 𐘚𐘱𐘃
PH Zb 48,𐘌𐙙𐝫
PH Zb 5,𐘮𐘢𐘠𐘅𐘽
PK 1,𐘤𐝫 𐝫𐘗𐘠 𐘾𐘌 𐘇𐘬𐘍 𐘷𐘳𐘙 𐘷𐘠𐘃 𐘵𐘾𐘻𐘍𐘤𐘚𐘅 𐘵𐘃𐘱 𐘴𐘅𐘹𐘲 𐘝𐘻 𐘹𐘲 𐙁𐘠𐘍𐘚𐘃 𐙁𐘃𐘠 𐙁𐘾𐘚𐘳
PK 3,𐝫𐘿 𐘱 𐘀𐘙 𐝫𐘠 𐝫𐙂
PK Za 10,𐝫𐘤 𐘚𐘢𐘅𐘻𐘅 𐘤𐝫
PK Za 11,𐘇𐘳𐘚𐙕𐘮𐘡 𐘇𐘆𐘸𐘃𐘃𐝫 𐝫𐘙 𐘢𐘃𐘭 𐘇𐘺𐘇𐘗 𐘇 𐘞𐘞𐘴𐘋 𐘉𐘅𐘘𐘾𐘅𐘠 𐘚𐘢𐘅𐘻𐘅𐝫𐘤𐘘𐝫 𐝫 𐘚𐘅𐘱𐘂𐘌
PK Za 12,𐘇𐘳𐘚𐙕𐘮𐘱 𐘇𐘆𐘸𐘃𐝫 𐝫𐘤𐝫 𐝫𐘴𐘋𐝫 𐝫𐘇𐝫𐄈𐝫𐘗 𐘉𐘅𐘘𐘾𐝫𐄇𐝫𐘱𐘤 𐘇𐘂𐘬𐘂𐝫𐄉𐝫𐘱𐝫𐄈𐝫𐘱𐘂𐘌
PK Za 14,𐝫𐘹𐘋 𐘚 𐘱𐘞𐘞𐝫
PK Za 15,𐝫𐘱𐘆𐘸𐘃𐘃𐘬𐘜𐘙𐝫
PK Za 16,𐝫𐘄𐘞 𐘜 𐘙𐘱𐝫
PK Za 17,𐝫𐘚𐘀
PK Za 18,𐝫𐘃 𐘚𐘀 𐘱𐘱𐝫
PK Za 20,𐝫𐘉𐘅𐘾𐝫
PK Za 4,𐘇𐘞𐘞𐘴𐝫
PK Za 8,𐝫𐘯 𐘰𐘡 𐘱𐘆𐘸𐘃𐘃𐙛𐘜𐘙 𐘹𐘋𐘚 𐘱𐘞𐝫𐘉𐘅𐘾𐘅𐘤𐝫 𐘚𐘢𐝫
PK Za 9,𐝫𐘱𐘉𐘂𐙁𐘚𐘀𐝫 𐝫𐘆𐝫
PK Zb ?,𐘇𐘰𐘆𐝫 𐘙
PK Zb 19,𐘈𐘤𐘳𐝫
PK Zb 21,𐘸𐘳𐘝𐘃
PK Zb 23,𐘾𐝫
PK Zb 24,𐙍
PK Zb 25,𐘻𐘀𐘴
PK Zc 13,𐝫𐘯𐘭𐘱𐝫
PK Zg 22,𐙍𐙍
PL Zf 1,𐝫𐘳 𐘣𐘃𐘱𐘕 𐘉𐘿𐘠 𐘱𐘞𐘞𐘴𐘋 𐘳𐘯𐘝𐘸𐘅 𐘝𐘯𐘝 𐝫 𐝫𐘚𐝫
PO Zc 1,𐘭𐘿𐘠𐘇𐘞𐘞𐘴𐙱
PR Za 1,𐘳𐘅𐘲𐘃𐝫𐘥 𐘈𐘄𐘚𐘱 𐘇𐘞𐘞𐝢𐘋
PS Za 2,𐝫𐘙𐘚𐘥 𐘳𐘅𐘚𐙕𐘠 𐝫𐄌𐝫𐘱𐘠 𐘱𐘞𐘞𐘴𐘋
PSI Za 1,𐙓𐘬𐘈𐝫
PSI Zb 1,𐙓𐘇𐘚
PYR 1,𐘠𐙁𐘘𐘣𐘃 𐝦𐙍
PYR 2,𐝫𐙘
PYR Wc 4,𐘠𐝫 𐝫𐘚𐘤
PYR Zb 5,𐝫𐘃𐘱𐝫
SAM Wa 1,𐘱𐘞 𐘞𐘴 𐘃
SAM We 4,𐝠
SE Zf 1,𐘀𐙂
SI Zg 1,𐘇𐝫 𐝫𐘀𐙈
SK Zb 1,𐘇𐙁𐘴𐘗𐝫
SKO Zc 1,𐘅𐘹𐙕𐘗𐝫 𐝫𐘌𐘸𐘠𐝫
SY Za 1,𐝫𐘇𐘳𐘚𐙕𐘮𐘱 𐘚𐘀𐘻 𐘱𐝫
SY Za 10,𐘌𐘞𐘴𐙂
SY Za 11,𐘁𐘌𐝫
SY Za 12,𐘇𐝫
SY Za 2,𐘇𐘳𐘚𐙕𐘮𐘱 𐘱𐘲𐙁𐘹𐙋 𐘉𐘅𐘾𐘅𐘤𐙖 𐘇𐘱
SY Za 3,𐘇𐘳𐘚𐙕𐘮𐝫𐘱 𐘈𐘾𐘅𐘤𐝫 𐘤𐘘𐘃
SY Za 4,𐘇𐘳𐘚𐙕𐘮𐘱 𐘱𐘚𐘩𐘍 𐘰𐘝𐘣
SY Za 5,𐝫𐘻𐘱 𐘱𐘮𐘰𐝫
SY Za 6,𐘀𐘈𐘴𐘃
SY Za 8,𐘇𐘳𐝫𐘚𐙕𐘮𐘱 𐘱𐘱𐝫
SY Za 9,𐘱𐘂𐘴𐘱𐘈
SY Zβ 7,𐝫𐘴𐘸𐘝𐘈
TEL Zb 1,𐘕 ≈ 𐘮𐘃 ≈ 𐘝
THE fr. 1,𐝫𐘸𐝫
THE fr. 2,𐝫𐙖𐝫
THE fr. 3,𐝫𐙖𐝫
THE tab. 4,𐝫𐘒 𐝫𐘒
THE tab. 5,𐘃𐘋𐘀𐘚𐝫
THE tab. 6,𐝫𐝡
THE Zb 1,𐝫𐘤𐘝𐝫
THE Zb 13,𐘏𐛻𐄙𐄑𐘾𐘇𐘤𐝫𐘃
THE Zb 2,𐘇𐘙𐘞𐘅
THE Zb 3,𐘇𐘗𐝫
THE Zb 4,𐝫𐘇𐘙𐝫
THE Zb 5,𐙁𐄓𐘫𐄋 𐙑𐄍𐘎𐄏𐘳𐄊
THE Zb 6,𐘧
THE Zb 7,𐘇𐘧
TI Zb 1,𐝫𐙕𐘤𐝫
TL Za 1,𐘇𐘳𐘚𐙕𐘮𐘱 𐘵𐘲𐘌𐘙 𐘱𐘞𐘞𐘴𐘋 𐘉𐘅𐘾𐘅𐝫 𐘚𐘢𐝫𐘅𐙁𐘤𐘘𐝫𐘃
TRA Zb 1,𐝫𐘙𐘱𐝫
TRO Zg 1,𐘢𐘻𐘳𐘠𐘽
TRO Zg 2,𐘬𐘻𐘳𐘠𐘽
TRY Zb 1,𐝫𐘗𐘻𐝫 ≈ 𐝫𐘻𐘗𐝫
TY 2,𐙞𐝫𐘟𐘫𐘢 𐙝𐝫 𐙞𐘸𐘫 𐙝𐘀𐘫𐝫 𐘂𐘀𐘘 󽍒 𐙝𐘭𐘶𐝫 𐙝𐝫 𐙇 𐙟𐘀𐘶 𐙟𐘘𐘾 𐙝𐘭𐘮𐘶 𐝫𐙞𐘭𐘶 𐙞𐝫
TY 3 a,𐝫𐘍𐙭 𐜓 𐜋 𐘗𐘸 𐜌 𐜗𐝫 𐜋 𐘇𐘬𐝫 𐝫 𐜓 𐜔 𐜕 𐜌 𐝫𐙋𐝫 𐘇𐘀 𐜋 𐜗 𐝫𐘺𐘇𐘬𐘮 𐙖𐝫 𐘇𐙂𐘹𐚕𐝫 𐝫𐘸 𐜖
TY 3 b,𐘸𐘭𐘤 𐜗 𐘢𐙂𐙀 𐜓 𐜗 𐝫𐜍 𐘂𐜗𐝫
TY Wc 5,𐙂
TY Zb 4,𐘇𐙕𐘸𐘳𐘇
TY Zg 1,𐝫𐙁𐘘𐘇
VRY Za 1,𐝫𐘚𐘢𐘅𐙁 𐘤𐘘𐘃
ZA 1 a,𐛀 𐘸𐘙𐘍 𐘝 𐘍
ZA 1 b,𐘡𐘻𐝫 𐝫𐘁 𐙉
ZA 10 a,𐘳𐘅𐘃 𐘂𐝫 𐘇𐙂𐘻𐘅 𐘇𐘳𐘅𐘃 𐘇𐘻𐘀𐘉 𐘇𐘬𐙂𐘻𐘅 𐘀𐘚𐘢𐘳 𐘬𐘙𐘍𐘈
ZA 10 b,𐘮𐚖 𐘬𐘙𐘍𐘈 𐙎 𐘉𐘪 𐙁𐘍 𐙁𐘸𐘦𐘃 𐘞𐙁 𐘇𐘦 𐘇𐘻𐘳 𐘽𐘁𐘙 𐘂𐘱𐘙 𐘾𐙂𐘗𐘃 𐘳 𐘬
ZA 11 a,𐘆𐘆𐘺𐘴𐘋𐝫𐘷 𐛀 𐛭𐝫 𐝫𐘴𐙁𐘤 𐙍 𐝫𐘡𐙂𐘘 𐘶 𐙍 𐛟 𐙂𐘂 𐛭 𐘢𐙠𐘇𐝫 𐝫𐙋
ZA 11 b,𐘡𐘄𐘭 𐛀 𐘞𐙕𐘭 𐛭 𐘚𐙋 𐝫𐘚𐘦𐝫 𐝫𐘴 𐙂𐘂 𐛭
ZA 12 a,𐘂𐝫 𐘠 𐘘
ZA 12 b,𐝫𐘹𐝫 𐘂𐝫 𐘠 𐘘
ZA 13,𐝫𐘲𐘂𐝫
ZA 14,𐘋𐘸𐘆 𐘐𐙈 𐘫𐘝𐘾𐚗 𐘌𐘠𐘶 𐙂𐘢 𐘹𐘻𐘠𐘍𐘈 𐘂𐘯𐘿 𐘱𐘣𐝫
ZA 15 a,𐘨𐙂𐘅 𐘞𐙍 𐘿𐘤𐙀𐘡 𐘚𐘠𐘝𐘞 𐘋𐙍 𐘻𐘍𐘈 𐘛𐘯𐙁𐘙 𐘤𐘢𐘸 𐘱𐘞𐘕 𐘞𐘻𐘀𐘡 𐚗𐘥𐙁𐘈
ZA 15 b,𐘾𐘆 𐙍 𐙂𐘁 𐙍 𐛿
ZA 16,𐝫𐘤𐝫 𐝫𐘂 𐝫𐘲
ZA 18 a,𐘀𐘙𐙂𐝫 𐙂𐙭 𐛭 𐙉𐝫 𐜓 𐙋
ZA 19,𐝫𐘴𐘃𐝫
ZA 20,𐝫𐘬𐘙𐘍𐘈𐝫 𐝫𐘻𐝫 𐘤𐘃𐘹 𐘤𐘹 𐘃𐙌 𐘘𐙁𐘳𐘈 𐙂𐘴
ZA 21 a,𐝫𐘋𐝫 𐝫𐘢𐘕 𐝫𐙁𐝫 𐝫𐘃 𐘳𐘥𐝫 𐝫𐘂𐝫 𐘳𐙁𐘢𐝫 𐘇𐝫 𐝫𐙈𐘻𐝫
ZA 21 b,𐘚𐘀𐝫 𐝫𐘸𐝫 𐘞𐘭𐝫 𐘋
ZA 22,𐝫𐘓𐝫 𐘔 𐘴𐝫 𐝫 𐘓 𐘴𐝫 𐝫 𐘓 𐘬𐘶𐝫 𐘓
ZA 23,𐝫𐘃𐘃𐝫 𐝫𐘻𐘙𐝫
ZA 24 a,𐘚𐘀 𐙉𐝫
ZA 24 b,𐝫𐘳𐝫
ZA 26 a,𐘤𐘃 𐘆𐘆𐝫 𐝫𐘓 𐘱𐘸𐝫 𐝫𐘸𐝫
ZA 26 b,𐝫𐘓
ZA 27,𐝫𐘆𐘸 𐘵𐘻𐝫
ZA 28,𐝫𐛭
ZA 29,𐝫𐙁 𐝫𐘃𐝫
ZA 31,𐝫𐘬
ZA 32,𐝫𐘱𐝫
ZA 4 a,𐝫𐘡𐝫 𐝫𐘢𐝫 𐝫𐘈𐝫 𐘱𐘄𐘱𐝫 𐘇𐘠𐘘 𐘱𐘂 𐝫𐘹𐘋𐘈 𐘿𐘤𐙀𐘡 𐘛𐘯𐙁𐘙 𐘤𐘢𐘸 𐘡𐙃 𐘾𐘆
ZA 4 b,𐝫𐙍
ZA 5 a,𐘐𐙈 𐙍𐘲 𐘸𐘝𐙁 𐘵𐘳𐘝𐘍𐘈 𐘞𐘻𐘀𐘡𐝫
ZA 5 b,𐘛𐘯𐙁𐘙 𐘤𐘢𐘸 𐙁𐘾𐘚𐘳
ZA 6 a,𐙙𐘮𐘅 𐙑 𐘟𐘶𐘃𐘻𐝫 𐘚𐘈𐝫 𐝫𐙋 𐝫𐙋 𐘚𐝫 𐝫𐘜𐘽 𐛭𐝫 𐙋𐝫 𐙘𐝫 𐘚𐘈𐝫
ZA 6 b,𐘚𐙂𐘶𐘠𐘛 𐛭 𐛿 𐜁 𐙢𐘷 𐛭 𐘂𐘍𐝫 𐝫𐘚𐙁𐝫
ZA 7 a,𐘉𐘶 𐘇𐘴𐘹 𐘇𐘙𐘹𐘻𐝫
ZA 7 b,𐘇𐙁𐝫
ZA 8,𐘸𐘴 𐘇𐘳𐘙 𐘝 𐙂𐘹𐘺𐘙 𐘇𐘭𐘝𐘳 𐘳𐘚𐘯𐙁𐘂 𐙁𐘾𐘚𐘈 𐘀𐘚𐘢𐘳 𐘾𐘚𐘁
ZA 9,𐝫𐘯𐘠 𐘍𐝫 𐝫𐘴 𐚽 𐝫𐘁𐘤𐘴𐝫 𐚽 𐘇𐘳𐘅𐝫 𐝫 𐚽 𐝫𐙁𐘶 𐘓 𐘣𐘴𐘙𐘻𐘃 𐘓
ZA Wa 36,𐘁
ZA Wa 38,𐙕
ZA Wb 37,𐘤
ZA Wc 2,𐘇𐘠𐘾𐘇𐘬𐘺𐘻 𐘇𐘠𐘾𐘇𐘬𐘺𐘻
ZA Zb 3,𐙍𐄒𐄈𐘆𐘆𐘾𐘈 𐘇𐘞𐘕𐘗 𐘇𐘈 𐙍𐄒𐄈𐘆𐘆𐘾𐘈 𐘇𐘞𐘕𐘗 𐘇𐘈 𐘇𐘳𐘚𐙕𐘦𐘾 𐘇𐘙𐘢𐘙𐘅 𐘠𐘠𐙂
ZA Zb 34,𐝫𐘜𐘙𐘱 𐘺𐘕 𐘘𐘆𐝫
ZA Zg 34,𐘮
ZA Zg 35,𐝫𐘋𐘻𐘱𐘘 𐘈𐘮𐙄𐘦
