doc_id,text
AN Zb 1, 𐘃 
AP Za <3>, 𐝫 𐘱 𐝫 
AP Za 1, 𐘱 𐘳 𐘚 𐙕 𐘉 𐘱 𐄁 𐝫 
AP Za 2, 𐝫 𐘅 𐘤 𐄁 𐘚 𐘢 𐘅 𐙁 𐝫 𐄁 𐝫 𐘚 𐙂 𐘰 𐘅 𐘹 𐘅 𐘃 𐝫   𐝫 𐘢 𐘻 𐘅 𐘃 𐄁 𐘚 𐘅 𐘱 𐘙 𐘳 𐝫 𐄁 𐝫 𐘌 𐄁 
AR Zf 1, 𐘚 𐘀 𐙁 𐘃 
AR Zf 2, 𐘚 𐘀 𐙁 𐘃 𐝫 
ARG Zg 1, 𐘮   ≈   𐙍 𐘻 
ARKH 1 a, 𐝫 𐘳 𐘢 𐄁 𐘌 𐝫 𐘸   𐝫 𐄁 𐘇 𐘴 𐝫   𐝫   𐘇 𐘲 𐘻 𐙈 𐝫   𐘗 𐄈 𐝆 𐘇 𐘂 𐝫   𐘻 𐘸 𐘞 𐘗 𐝫 
ARKH 1 a f, 𐝫   𐝫 𐘇 𐝫   𐝫 
ARKH 1 b, 𐘇 𐝫 𐘱 𐘙 𐄉 𐝫   𐝫 𐘰 𐝫   𐝫   —   𐝫 𐘅 𐄎 
ARKH 2, 𐘤 𐘀 𐘃 𐙂 𐘴   𐙎 𐄋 𐘇 𐘤 𐘀 𐘄   𐘚 𐄐 𐄈 𐙀 𐙕 𐘈   𐘦 𐘐 𐙈 𐄌   𐘇 𐘲 𐘫 𐘮   𐄊 𐘘 𐘻 𐝫 
ARKH 3 a, 𐝫 𐘾 𐘗 𐙉 𐝫   𐝫 𐝂 𐙋 𐄉 𐝂 𐙎 𐄈 𐝫   𐄈 𐝫 𐙩 𐄈 𐝫   𐘸 𐘯 𐙉 𐄐 𐄉 𐝫   𐝫 𐘃 𐄈 𐙩 𐄈 𐙢 𐄈 𐝫   𐝫 𐙂 𐄉 𐝫 
ARKH 3 b, 𐝫 𐘱 𐘢 𐙉 𐄌 𐝫   𐝫 𐘢 𐙦 𐙉 𐄇 𐝫 𐙖 𐝫   𐝫 𐄈 𐙖 𐄊   𐝫 𐙍 𐄇 𐝫 
ARKH 4 a, 𐝫   𐝫 𐘝 𐘳 𐝫   𐝫 𐘳 𐄁 𐘙 𐄋 𐘇 𐝫   𐄁 𐝫 𐘶 𐄊 𐘦 𐘲 𐝫 𐄁 𐝫   𐘨 𐘃 𐄋 𐘢 𐘠 𐘗   𐘇 𐝫   𐝫 
ARKH 4 b, 𐝫   𐝫   𐝫 𐘙 𐄐 𐘉 𐝫   𐝫 𐘦 𐘻 𐄐 𐘚 𐘨 𐝫   𐄏 𐘇 𐘸 𐘁 𐄉   𐘍 𐘤 𐙀 𐝫 𐄉   𐝫 
ARKH 5, 𐘇 𐘬 𐘝 𐘳 𐘅 𐄓 𐄇 𐝫   𐝫 𐄍 𐘇 𐘀 𐘁 𐙉 𐄓 𐝫   𐙎 𐄌 𐘇 𐝫   𐝫 
ARKH 6, 𐘀 𐘅 𐘹 𐄁 𐙂 𐝫   𐝫 𐘃 𐘭 𐝫   𐝫 
ARKH 7, 𐝫   —   𐙜 𐝂   𐝫 
ARKH Zb 10, 𐘞   ≈   𐘳 𐙁 𐝫 
ARKH Zc 8, 𐙚 𐘳 𐘧 
ARKH Zf 9, 𐘱 𐘸 𐘤 𐘸 𐘯 𐄁 𐘻 𐘀 𐙁 𐘽 𐄁 
ARM Zg 1, 𐜈 
CR (?) Zf 1, 𐘇 𐙁 𐘮 𐘤 𐄁 𐘾 𐘝 𐘱 𐘻 𐄁 𐘚 𐘱 𐄁 𐘌 𐘸 𐘈 𐘯 𐘠 𐄁 𐘇 𐘳 𐘦 
CR Zf 5, 𐘱 
CR Zg 3, 𐙍 𐝫   ≈   𐘝   ≈   𐛿 
CR Zg 4, 𐘚 𐘀 𐘀   𐘇 𐘁 𐘃 
FO Zc 1, 𐙚 𐘳 𐘧 
GO 2 r, 𐝫   𐘤 𐝫   𐘾 𐝄 𐘤 𐄈 𐘀 𐝫   𐘤 𐘀 𐘁 𐝃 𐝫   𐝫 𐘈 𐝫   𐝫 
GO 2 v, 𐝫   𐝫 𐄇 𐝄 𐘀 𐝫   𐘙 𐄇 𐝫 𐘈 𐘤 𐝫   𐝫   𐝫 
GO Wc 1 a, 𐘇 𐘞   𐘲 𐙁   𐘚 𐘈 
GO Wc 1 b, 𐘖 𐄋 
GO Wc 3," 𐝬 𐄑 , 𐄈 "
HS Zg 1, 𐘇 𐙁 
HT 1, 𐘿 𐘽 𐘉 𐄁 𐘸 𐘁 𐄙 𐄘   𐄍 𐙀 𐘲 𐄖 𐘆 𐘆   𐘍 𐘥 𐄔 𐄈 𐙂 𐘰 𐘯 𐄙   𐄏 𐘇 𐘴 𐘅 𐘙 𐄙 𐄋 
HT 10 a, 𐙂 𐘝 𐘲 𐄁 𐘞 𐙁 𐄊 𐄁   𐘉 𐙱 𐘍 𐄊   𐘂 𐄁 𐘀 𐘙 𐄐 𐄌 𐝆 𐙕   𐄌 𐘉 𐙱 𐘍 𐄐 𐄊 𐝫 𐙙 𐘘   𐄈 𐝆 𐘀 𐘭 𐘀 𐄎 𐘋 𐘍 𐄉 
HT 10 b, 𐘉 𐘠 𐄇 𐘀 𐘙 𐄈 𐘳   𐘭 𐘅 𐄐 𐄋 𐙢 𐘳 𐄌 𐝆   𐘾 𐘞 𐘘 𐄌   𐘳 𐘅 𐘠 𐄏 𐝃 
HT 100, 𐝫 𐛧 𐄔 𐄎 𐜝   𐝫 𐛃 𐄐 𐄈 𐘸 𐄈 𐙙 𐄋 𐛩   𐄐 𐄌 𐙂 𐘁 𐄘 𐄍   𐘞 𐘽 𐙗 𐄋 𐝃 𐘝 𐄈 𐝓 𐙍 𐄈 𐝆   𐜋 𐄈 𐝅 𐜗 𐄉 𐜍 𐝕 
HT 101, 𐙀 𐘓 𐘆 𐛱 𐄓   𐜋 𐄎 𐜗 𐄎 𐜓 𐄈   𐘞 𐘽 𐙉 𐄓 𐄇 𐜋 𐙖 𐄐 𐚸 𐄉   𐙂 𐘰 𐝫 𐜋 𐄈   —   𐝫 𐄑 𐙘 𐄉 𐜓 𐄈   𐝫 𐄉 𐙋 𐄇 𐝃 𐛺 𐄇 
HT 102, 𐘾 𐘂 𐘞 𐘽 𐙉 𐄡   𐄖 𐄌 𐘰 𐘝 𐛭 𐄒 𐄉 𐝫   𐙇 𐛭 𐄒 𐄉 𐘆 𐘭 𐘅 𐄐 𐙁   𐙀 𐄉 𐘣 𐄐 𐘚 𐘾 𐄋   𐙂 𐘁 𐄢 𐄕 
HT 103, 𐘉 𐘷 𐄁 𐘝 𐄓   𐘰 𐘀 𐙂 𐘈 𐘗   𐝫 𐄌 𐝆 𐙓 𐄐 𐄉   𐘀 𐙂 𐘅 𐄇 𐘀 𐙂 𐘈   𐘗 𐄇 𐘸 𐝢 𐄋 𐝆 
HT 104, 𐘳 𐘂 𐄁 𐚷 𐄁 𐘀 𐙂   𐘈 𐘗 𐘠 𐄓 𐄋 𐝆 𐘚   𐘬 𐘠 𐄑 𐝆 𐘂 𐘀   𐘲 𐘠 𐄑 𐄏   𐙂 𐘁 𐄘 𐄋 
HT 105, 𐘾 𐘂 𐝫   𐙇 𐄚 𐄒 𐄊   𐘞 𐘽 𐄁 𐙇 𐄚 𐄒 𐄋 
HT 106, 𐘻 𐘯 𐘃 𐙗 𐄌 𐝫   𐘤 𐄋 𐝆 𐘤 𐄇   —   𐘀 𐝫 𐄁 𐝫 𐄎 𐝫   𐝫 𐘤 𐄉 𐝫   𐝫 
HT 107, 𐝫   𐝫 𐄉 𐝫   𐘃 𐄗 𐄌 𐙸 𐄍 
HT 108, 𐘸 𐘙 𐘳 𐘅 𐙇 𐄇 𐛶 𐄖   —   𐘆 𐘅 𐘁 𐄈 𐘬 𐘲 𐘝 𐄋 𐝫   𐝫 𐄁 𐝫 𐘽 𐘠 𐄐 𐘶 𐝫   𐝫 
HT 109, 𐝫   𐝫 𐘙 𐄊 𐝫   𐝫 𐘳 𐄊   𐝫 𐙂 𐘁 𐄙 𐄑 𐄏   𐝫 𐘇 𐘴 𐘶 𐄙 𐄑 𐄉 
HT 11 a, 𐘇 𐘘 𐘴 𐝫 𐄁 𐝫   𐄉 𐘾 𐘁 𐘅 𐄈 𐘇   𐙮 𐘭 𐄇 𐙂 𐘁 𐄐 𐘇   𐘲 𐘱 𐄇 𐙇 𐘚   𐄉 𐘷 𐄐 𐄋 
HT 11 b, 𐝫 𐘦 𐘯 𐘘 𐘽   𐙅 𐘾 𐄓 𐘾 𐄒   𐘾 𐄔 𐘘 𐙀 𐘅   𐘾 𐄒 𐘞 𐘿 𐘭 𐄁   𐘾 𐄒 𐙂 𐘁   𐄙 𐄗 
HT 110 a, 𐘤 𐘬 𐘟 𐙂 𐘻   𐜚 𐄑 𐙂 𐘂 𐄇   𐙂 𐘁 𐄙 𐝫   𐝫 𐘝 𐄐 𐄋 𐝫   𐝫 𐄕 
HT 110 b, 𐙉 𐝫 𐘁 𐄑 𐜧   𐄉 𐝫 𐄇 𐙁 𐄋 𐝆   𐝫 𐄈 𐘝 𐄇 𐝆   𐝫 𐄇 𐙁 𐄈 𐙕 𐝕 
HT 111 a, 𐝫   𐝫   𐝫 𐘿 𐘾 𐄎 𐘌 𐘞 𐝫   𐝫 𐘌 𐘘 𐄎 𐘆 𐄐 𐄊 𐝫   𐝫 𐘝 𐝫   𐝫 
HT 111 b, 𐝫   𐝫 𐄐 𐄎 𐘞 𐘆 𐄊 𐝫   𐝫 𐄉 𐘿 𐝫   𐝫 𐘝 𐄇 𐝫 𐘅 𐝫   𐝫 
HT 112 a, 𐘐 𐝫   𐝫 𐘹 𐘂 𐝫   𐝫   𐝫 
HT 112 b, 𐝫 𐙗 𐄌 𐝫   𐝫   𐝫   𐝫 
HT 113, 𐘴 𐘭 𐘦 𐝫   𐝫 𐘣 𐘞 𐄁 𐝫 𐄐 𐄐 𐄐   𐘵 𐄈 𐝆   𐝫 
HT 113 ter, 𐝫 𐘻 𐝫   𐝫 𐄊 𐝫   𐝫 
HT 114 a, 𐘸 𐘭 𐘷 𐘞   𐘽 𐙉 𐄐 𐙖 𐄍   𐘝 𐄇 𐙍 𐄇 𐘖   𐄉 
HT 114 b, 𐘞 𐙍 𐄏 
HT 115 a, 𐘨 𐘯 𐘴 𐘱 𐄁 𐘚 𐄁 𐛯 𐘭 𐘳 𐙁   𐘯 𐘣 𐄈 𐙕 𐘉 𐘴 𐘅 𐘐   𐘗 𐘻 𐘅 𐄇 𐘈 𐙂 𐘹 𐝆   𐘂 𐘴 𐘗 𐄇 𐘇 𐘈 𐘱 𐝂 𐝂 𐝂 𐝂   𐘾 𐘊 𐘘 𐄇   𐘭 𐘲 𐙁 𐝫   𐘲 𐄈 𐝂 𐝫   𐝫 
HT 115 b, 𐝫 𐘘 𐄁 𐘂 𐘴 𐘗 𐝆   𐘠 𐘯 𐘱 𐄁 𐘯 𐘣 𐄁 𐙉 𐝆 𐘬 𐘰 𐘅 𐄇   𐙂 𐘘 𐙁 𐄁 𐘚 𐝆 𐙚 𐘹 𐘱 𐄇   𐘇 𐘚 𐝫 𐄁 𐝫 𐄇 𐜞 𐄇 𐙂 𐘳 𐝫 
HT 116 a, 𐘉 𐘳 𐘁 𐄁 𐘃 𐄁 𐙂 𐘂 𐘱 𐙉   𐄐 𐄌 𐘫 𐘽 𐄁 𐙉 𐄓 𐜉 𐄋   𐛉 𐙉 𐄐 𐄌 𐜓 𐄇 𐜗 𐄌   𐙋 𐄉 𐘢 𐘟 𐘃 𐙉 𐄋   𐙖 𐝫 𐄋 𐜗 𐄇 𐛺 𐄈 𐘤 𐘸   𐘗 𐙉 𐄐 𐄈 𐙘 𐄐 𐄈 𐘌 𐘯 𐙁   𐙉 𐄑 𐙘 𐄉 
HT 116 b, 𐙂 𐘁 𐙉 𐄙 𐝫 𐙘 𐄐 𐄋   𐙖 𐄐 𐄍 
HT 117 a, 𐙁 𐘾 𐘭 𐘃 𐄁 𐘸 𐘁 𐄁 𐘉 𐘻   𐘅 𐘤 𐄁 𐘉 𐘲 𐄇 𐘻 𐘹 𐄇 𐙂   𐘴 𐘕 𐄇 𐙁 𐘘 𐄇 𐙂 𐘰 𐘯 𐄇 𐘹   𐘶 𐙁 𐄇 𐘉 𐘆 𐘻 𐄇 𐘻 𐘘 𐘳   𐘴 𐘙 𐄇 𐘃 𐘱 𐘙 𐄇 𐘅 𐘀 𐘙 𐄇   𐙂 𐘁 𐄐   —   𐘞 𐘳 𐄁 𐙂 𐙂 𐘀 𐘴 𐄇 𐘺 𐘞 𐘚   𐘠 𐄇 𐘀 𐘻 𐘯 𐄇 𐘀 𐘗 𐙂   𐘠 𐄇 𐘸 𐘀 𐘁 𐄇 
HT 117 b, 𐘐 𐘹 𐘗 𐄁 𐙂 𐘙 𐘶 𐄇   𐘆 𐘸 𐘈 𐄇 
HT 118, 𐙄 𐄁 𐛀 𐄁 𐙁 𐘆   𐄐 𐄋 𐘸 𐄐 𐘌 𐘌   𐘘 𐄌 𐘸 𐄊 𐘇 𐘭 𐘲   𐄊 𐘸 𐄇 𐘭 𐘘 𐙁 𐄐   𐙂 𐘁 𐄒 𐘸 𐄐 𐄋 𐝫 
HT 119, 𐙳 𐄒 𐄊 𐙇 𐄕 𐄍   𐘭 𐘻 𐘤 𐄐 𐄉 𐘺 𐘱 𐄐   𐙂 𐘰 𐘅 𐘹 𐄍 𐘠 𐄍   𐘱 𐚅 𐄐 𐙚 𐘹 𐄈 𐙳 𐘶   𐄎 𐙂 𐘁 𐄙 𐄕 
HT 12, 𐘌 𐘠 𐘀 𐘃 𐄁   𐜉 𐄋 𐙘 𐄋   𐘿 𐘹 𐘗 𐄁 𐚻 𐄇   𐘡 𐄒 𐛢 𐄁 𐙈   𐄋 𐜚 𐄉 𐘝 𐄇   𐚼 𐝇 𐘀 𐘚 𐄔 
HT 120, 𐘀 𐘿 𐘴 𐄁 𐘀 𐘋   𐛷 𐄖 𐄊 𐛭   𐄕 𐄈 𐝆 𐝀 𐘀 𐘉   𐘪 𐄁 𐘚 𐛭 𐄑 𐘸   𐘙 𐘳 𐘅 𐛳 𐄕   𐛭 𐄓 𐄎 𐘂 𐘚 𐘄 𐄉 𐝂 
HT 121, 𐘸 𐘭 𐘷 𐜘 𐄐   𐘞 𐘽 𐙉 𐄋 𐙖 𐄊   𐘝 𐄈 𐙍 𐄉 𐘖   𐄉 
HT 122 a, 𐝫 𐘴 𐘭 𐄁 𐘉 𐘦 𐘍 𐄈   𐝫 𐄈 𐘀 𐘤 𐙈 𐄈 𐘂   𐝫 𐄁 𐝫 𐘆 𐄇 𐘃 𐘸 𐄈   𐘌 𐙠 𐘚 𐄉 𐘱 𐘻 𐘀 𐘙 𐄇   𐘤 𐘀 𐘙 𐄇 𐙰 𐘆 𐘴 𐄇 𐘂 𐘦 𐄇   𐙂 𐘰 𐘯 𐄇 𐘂 𐘳 𐘗 𐄇 𐙚 𐘹 𐄇   𐝫 𐘬 𐄇 𐙂 𐘰 𐘯 𐄇 𐘀 𐘭 𐘀 𐄇   𐙂 𐘁 𐄒 𐄇 𐙂 𐘀 𐄇 
HT 122 b, 𐘧 𐘆 𐄁 𐚆 𐄁 𐙇 𐝫   𐙚 𐘸 𐘷 𐄍 𐝫   𐝫 𐘇 𐘴 𐘶 𐘉 𐘦 𐘍 𐄈 𐘌 𐘌   𐘘 𐄈 𐘆 𐄈 𐘀 𐘙 𐄈   𐙂 𐘁 𐄕 𐄋   𐘊 𐘄 𐙂 𐘁 𐄘 𐄍 
HT 123 a, 𐘸 𐘳 𐘚 𐄁 𐙋 𐄒 𐄇   𐙜 𐄎 𐝃 𐘸 𐘁 𐄇 𐝎   𐘫 𐙍 𐙋 𐄒 𐄇 𐝆 𐙜 𐄎   𐝕 𐘸 𐘁 𐝎 𐘞 𐘘 𐙋 𐄐 𐄌   𐙜 𐄊 𐝀 𐝫 𐘸 𐘁 𐝆 𐝃   𐘀 𐘹 𐙋 𐄐 𐄋 𐙜 𐄊 𐝃   𐘸 𐘁 𐝕 𐙂 𐘁 𐙋   𐄘 𐄉 𐝆 𐙜 𐄁 𐙂 𐘁 𐝫 𐄑   𐄋 𐝅 𐘸 𐘁 𐄌 𐝫 
HT 123 b, 𐙓 𐙜 𐄐 𐄇 𐙢 𐄇 𐝕   𐘠 𐘀 𐘳 𐄁 𐘢 𐘞 𐄊 𐙓   𐄇 𐙓 𐘬 𐄐 𐘹 𐘂 𐘆 𐘀   𐝆 𐝉 𐘾 𐘅 𐝫 𐘤 𐘬   𐝀 𐘬 𐙁 𐘚 𐘅 𐝃 𐝄   𐙂 𐘁 𐄑 𐘸 𐘁 𐄋 
HT 125 a, 𐝫   𐝫 𐘽 𐝫   𐜓 𐄇 𐝂 𐜋 𐝫   𐜗 𐄇 𐝆 𐝫   𐘞 𐘽 𐙉 𐄈 𐙖 𐝫 𐄇 
HT 125 b, 𐝫   𐝫   𐝫 𐄑   𐝫 𐘙 𐘷 𐛭 𐄑   𐛵 𐄍 𐝆 𐙘 𐄐   𐘝 𐄑 𐄉 
HT 126 a, 𐘀 𐘅 𐘤 𐄁 𐙪 𐄁 𐝫   𐘇 𐘅 𐝫 𐄁 𐝫 𐄇 𐘉 𐝫   𐝆 𐘤 𐘆 𐘱 𐄇 𐝫   𐘉 𐘪 𐄇 𐘢 𐝫   𐄕 𐄈 𐝫   𐄈 𐝫   𐝫 
HT 126 b, 𐝫 𐙙 𐄉   𐝫 𐄌 𐙆 𐄊 𐄁 𐘐 𐝫   𐝫 𐙆   𐝫 𐘹 𐄌   𐝫 
HT 127 a, 𐝫   𐝫   𐝫 𐘬 𐘗 𐘻 𐄇 𐝫   𐝫 𐜝 𐘀 𐘨 𐙂 𐄇 
HT 127 b, 𐝫   𐝫   𐝫 𐘗 𐄐 𐄉 𐝫   𐙂 𐘁 𐙛 𐄙 𐄔 𐄌 𐙂   𐄖 𐄈 𐛫 𐄑 𐄊 𐛖 𐄐 𐄋   𐙕 𐄐 𐄇 𐛖 𐄐 𐄊   𐙂 𐘁 𐄚 𐄘 𐄈 
HT 128 a, 𐙲 𐄁 𐘂 𐘴 𐘹 𐘘 𐘯 𐘈 𐘋   𐙉 𐝫 𐄐 𐘮 𐘹 𐙁 𐘙 𐛲 𐄐 𐄈   𐝫 𐘻 𐘳 𐛭 𐝆 𐝫 𐛲 𐄌 𐘆   𐝫 𐛲 𐄊 𐙁 𐘭   𐝫 
HT 128 b, 𐛲 𐄌 𐙇 𐙵 𐛲 𐄇   𐘘 𐝫 𐄁 𐝫 𐛲 𐄌   𐝫 
HT 129, 𐘸 𐘙 𐘷 𐙉 𐄒 𐄉 𐝆 𐝁   𐙘 𐄐 𐘝 𐄑 𐄈 𐘹 𐘐 𐘭 𐘅   𐙉 𐄓 𐝆 𐜉 𐄇 𐝫   𐝫 𐜓 𐄌 𐙖 𐝫   𐝫 
HT 13, 𐘾 𐘉 𐘦 𐘳   𐙍 𐄁 𐘃 𐄁 𐘙 𐘍 𐄋 𐝫 𐝆 𐝫   𐘃 𐘹 𐄔 𐄌 𐘃 𐘸   𐄑 𐄍 𐝆 𐙂 𐙀 𐘝 𐄐 𐄎   𐘀 𐘤 𐙈 𐄐 𐄏 𐘚 𐘬   𐘗 𐘤 𐄋   𐙂 𐘁 𐄙 𐄒 𐝆 
HT 130, 𐝫 𐘤 𐄉   𐘞 𐘽 𐙗 𐝫   𐝫 𐘽 𐝫   𐝫 𐙂 𐘁 𐝫   —   𐘤 𐙗 𐄎 𐘝   𐄌 𐙍 𐄉 
HT 131 a, 𐝫   𐝫 𐘝 𐄕 𐄈 𐙂 𐝫   𐝫 𐄛 𐄔 𐄉 𐘚 𐘌   𐝫 𐙈 𐙉 𐄔 𐄎   𐝫 𐙖 𐄐 𐄈 𐝆 𐙘 𐄐 𐄈 𐝆 𐝃 
HT 131 b, 𐝫   𐝫   𐝫 𐘝 𐄒 𐝫   𐝫 𐙋 𐄈 𐛼 𐝫   —   𐘊 𐘄 𐙂 𐘁 𐝫 𐄜   𐄔 𐄈 𐝆 𐝫 
HT 132, 𐘇 𐘈 𐄁 𐙫 𐄋 𐘌 𐘙   𐘄 𐄁 𐘐 𐄑 𐄍 𐘰 𐄁 𐙙 𐄇 𐝫   𐝫   𐝫 
HT 133, 𐘇 𐘬 𐄁 𐘃 𐛬   𐄔 𐄋 
HT 135 a, 𐝫   𐝫 𐘗 𐘻 𐘅 𐄐 𐝫   𐝫 𐘻 𐘹 𐄁 𐘻 𐘾   𐝫 𐄇 𐘅 𐘐 𐘗   𐝫 𐘻 𐄈 
HT 135 b, 𐝫   𐝫 𐄁 𐝫 𐘳 𐘗 𐝫   𐄈   𐘐 𐄒 𐝫 
HT 136, 𐄑 𐄉 𐝫   𐝫 
HT 136 a, 𐝫   𐝫 
HT 136 b, 𐝫   𐝫 𐄑 𐄊   𐝫 
HT 137, 𐝫   𐝫 𐘷 𐙉 𐝫 𐄉 𐜗 𐄌 𐝫   𐝫 𐙖 𐄈 𐝫   𐝫 
HT 139, 𐝫 𐘫 𐙁 𐙂   𐝫 𐙉 𐝫 𐄇 𐙖 𐝆   𐝫 𐘾 𐘽   𐝫 
HT 14, 𐘫 𐙍 𐄁 𐘃 𐄁 𐙉 𐄒 𐜗 𐄉   𐜉 𐄉 𐙘 𐄏 𐙋 𐄐 𐄉   𐘇 𐘜 𐘅 𐘬 𐙉 𐄓 𐄋   𐜗 𐄋 𐜉 𐄊 𐙘 𐄌   𐙋 𐄐 𐄊 
HT 140, 𐘉 𐘟 𐘤 𐄁 𐙅 𐘤 𐘝 𐄁 𐄇 𐝫 𐘧 𐘆 𐄁   𐜓 𐄇 𐝆 𐄁 𐘉 𐘟 𐘤 𐝫 𐄁 𐝫 𐙅 𐘤 𐙈 𐘾 𐄉   𐘾 𐝫 𐙁 𐝫 𐘾 𐝫 𐄊   𐜋 𐄉 𐘾 𐄇 𐜋 𐄇   𐝫 𐘾 𐄇 𐜋 𐄈 𐘾 𐘂 𐝆   𐝫 𐜋 𐄌 𐝆 
HT 141, 𐝫   𐄇 𐘇 𐘭 𐝫   𐝫 𐘘 𐘆 𐝫   𐝫 
HT 142, 𐝫   𐝫   𐝫   𐝫   𐝫 
HT 144, 𐝫 𐄁 𐘵 𐝫   𐝫   𐝫 
HT 146, 𐝫   𐝫 𐘿 𐝫 𐄒   𐘭 𐙙 𐄒 𐙁 𐄒   𐘭 𐘾 𐘳 𐄒 
HT 147, 𐝫   𐝫 𐘴 𐝅   𐝫 𐝆   𐝫 𐘝 𐝫   𐝫 
HT 15, 𐘉 𐘟 𐘤 𐙉 𐘬 𐙌 𐘇   𐄞 𐄗 𐄊 𐛹   𐄝 𐄖   𐙓 𐄁 𐘸 𐘁 𐄜   𐝫 
HT 154, 𐛀 𐄁 𐘠 𐝫 𐄙 𐝫   𐝫 𐄍 𐝫 𐄓 𐝫   𐘸 𐝫   𐝫 
HT 154 A, 𐝫 𐘹 𐘋 𐘂 𐘱   𐝫 𐙋 𐝫 𐙉 𐝫   𐝫   𐝫 𐙂 𐄌 𐝫 𐘳 𐄌 
HT 154 B, 𐝫 𐄁 𐙉 
HT 154 C, 𐝫   𐘅 𐝫   𐄈 𐝆 𐝫   𐝫 
HT 154 E, 𐝫   𐝫 𐘝 𐄐 𐄊 𐝫   𐄉 𐝃 
HT 154 G, 𐝫   𐝫 𐄌 𐝆 𐝫 
HT 154 J a, 𐝫   𐝫   𐝫 𐘯 𐘃 𐝫   𐝫 
HT 154 J b, 𐝫   𐝫   𐝫 
HT 154 K, 𐝫   𐝫   𐝫 𐄈   𐝫 
HT 154 L, 𐝫   𐝫 𐄈 𐝫 
HT 154 M, 𐝫   𐝫 
HT 154 N, 𐝫   𐝫 𐘤 𐝫   𐝫 𐄌 𐘤 𐝫   𐝫   𐝫 
HT 16, 𐘾 𐙂 𐘂 𐄁 𐘆   𐘅 𐘉 𐝄 𐄁 𐘮   𐝁 𐜇 𐝃 𐝄   𐘞 𐘊 𐘼 𐝇 
HT 17, 𐘴 𐙐 𐘠 𐄁 𐘃 𐄁 𐙍   𐄒 𐄍 𐘞 𐘁 𐄐   𐘤 𐘀 𐘙 𐄋 
HT 18, 𐘂 𐘈 𐛱 𐄑 𐜓 𐄈   𐙘 𐄉 𐘞 𐘽 𐙉 𐄐 𐘝   𐄐 
HT 19, 𐘴 𐙐 𐘠 𐄁 𐘃 𐄁   𐙍 𐄒 𐘞 𐘁   𐄋 𐝆 𐘬 𐘋 𐘆   𐄓 𐄉 𐝆 
HT 2, 𐘇 𐘾 𐘘 𐄁 𐜋 𐄑 𐝫   𐝫 𐜊 𐄐 𐄍 𐜎 𐄉 𐝫   𐝫 𐘸 𐘙 𐘳 𐘅 𐜋 𐄔 𐄊 𐝫   𐝫 𐜊 𐄓 𐄍   𐄇 
HT 20, 𐘂 𐘁 𐘲 𐄁 𐙂   𐙁 𐘶 𐝃 𐘿 𐙂   𐘙 𐄁 𐘆 𐝆 𐘑 𐝄   𐘞 𐘙 𐘶 𐝄 𐘮   𐝃 𐜇 𐝆 
HT 21, 𐘢 𐘳 𐘾 𐘈 𐄁 𐘃 𐄁   𐙉 𐄙 𐄕 𐄇 𐜋 𐄐   𐄇 𐜎 𐄉 𐝕 𐙘 𐄍 𐝕   𐙋 𐄇 𐝃 
HT 22, 𐝫   𐛸 𐄚 𐄒   —   𐜣 𐄙 𐄐 𐄉 
HT 23 a, 𐘾 𐘅 𐄁 𐙗 𐝁 𐙜 𐝅 𐜍 𐝅   𐜖 𐝅 𐜏 𐝅 𐛚 𐝅 𐙍   𐄐 𐚹 𐄐 𐚺 𐄐 𐘡 𐄐 𐄍   𐘐 𐘭 𐘹 𐘌 𐝇 𐘞 𐘞   𐘋 𐝇 𐛊 𐄐 𐘺 𐘘 𐄇 
HT 23 b, 𐘝 𐘴 𐙗 𐝁 𐙖 𐝫 𐝁   𐛚 𐝫 𐘕 𐝫 𐚻 𐝫 𐚹 𐄇   𐝫 𐘡 𐄍 𐝫   𐝫   𐝫 
HT 24 a, 𐙂 𐘰 𐘭 𐘱 𐘸 𐙁 𐘘 𐝫   𐝫 𐄌 𐙁 𐘘 𐘋 𐄐   𐝫 𐄏 𐝆 𐙁 𐘘 𐘋 𐄌   𐘂 𐘞 𐘭 𐘱 𐛢 𐝫   𐘘 𐘚 𐘺 𐛢 𐝫 
HT 24 b, 𐝫 𐙈 𐄇 𐝕 𐛋   𐙈 𐄇 𐝕 𐛒 𐙈 𐄇 
HT 25 a, 𐝫   𐝫 𐄇 𐘆 𐘅 𐘉 𐝫   𐝫 𐘘 𐘝 𐄇 𐘉 𐘙 𐘣 𐄇 𐘆 𐘅 𐘉   𐄇 𐘇 𐘭 𐘝 𐘳 𐄇 𐘹 𐘿 𐘯 𐝫   𐝫 𐙀 𐘶 𐘜 𐄇 𐘬 𐘘 𐘣 𐝫   𐝫 𐘚 𐘸 𐘴 𐄇 𐘂 𐄇 
HT 25 b, 𐝫   𐝫   𐙂 𐘁 𐄐 𐄌 𐘣 𐘃 𐘁 𐄁 𐘚   𐘠 𐙇 𐄑 𐄎 𐙇 𐄑 𐄊   𐙂 𐘁 𐄔 𐄈 
HT 26 a, 𐜮 𐄁 𐙢 𐘃 𐘃 𐄁   𐘳 𐘠 𐄑 𐄇 𐘻 𐘸   𐘈 𐘅 𐄐 𐄋 𐘉 𐘯   𐘐 𐄋 𐝫   𐝫 
HT 26 b, 𐄁 𐜮 𐄁 𐙇 𐄏   𐝫 𐘁 𐘝 𐄉 𐘾 𐘉   𐙀 𐘝 𐄊 𐛖 𐄐 𐄈   𐘚 𐙜 𐄈 𐝫 𐙓 𐙅 𐄍 𐝫   𐝫 
HT 27 a, 𐘠 𐘝 𐘳 𐄁 𐙛 𐄁 𐙇 𐄘   𐝫 𐄔 𐙅 𐄔 𐄇 𐘙 𐄑 𐝫   𐘚 𐘻 𐘞 𐘴 𐄓 𐄉 𐝫   𐘿 𐄑 𐄇 𐘸 𐘀 𐝫 𐘸   𐙠 𐄁 𐙂 𐙙 𐝫 𐘞 𐘴 𐘆 𐄋   𐙇 𐄓 𐄈   𐙂 𐘁 𐄛 𐄒 𐄋   𐙗 𐄏 𐝆 𐝃 𐝁 𐘝 𐄐 𐝁 𐙍 𐄍 
HT 27 b, 𐝫 𐘻 𐘀 𐄁 𐛾 𐄁 𐘞 𐄍   𐝫 𐙍 𐙉 𐄁 𐘞 𐄇 𐘙 𐄐 𐄊 𐙍 𐘤   𐝫   𐘂 𐘈 𐄁 𐛽 𐄁 𐘞 𐄊 𐘙 𐄖   𐙍 𐝫 𐄁 𐝫 𐙉 𐄁 𐘞 𐄊 𐘙 𐝫 𐄓 
HT 28 a, 𐘇 𐘤 𐘱 𐘾 𐄁 𐘱 𐘐 𐄁 𐛱   𐄋 𐜋 𐄈 𐜓 𐝆 𐜗 𐄇 𐜖   𐝉 𐘞 𐘽 𐜉 𐄇 𐘝 𐄈   𐙍 𐄉 𐛧 𐙍 𐄌   𐘇 𐘘 𐘀 𐘴 𐙉 𐄋 𐙘 𐄈   𐜉 𐄉 𐘚 𐘳 𐘱 𐜉 𐄐 
HT 28 b, 𐘇 𐘤 𐘱 𐘾 𐄁 𐘉 𐘻 𐄁   𐘅 𐘤 𐘞 𐘽 𐙉 𐄑 𐜉   𐄋 𐘝 𐄈 𐙍 𐄊 𐘫 𐘽   𐘝 𐄌 𐘱 𐘐 𐙍 𐄌   𐘣 𐘆 𐘅 𐜉 𐄉 𐙍 𐄉   𐝫 𐝃 𐝫 
HT 29, 𐘘 𐙁 𐘳 𐄈 𐝫   𐝫 𐄁 𐝫 𐄇 𐘂 𐘱 𐘙 𐄈 𐝫   𐝫 𐘆 𐘱 𐘚 𐄈   𐘞 𐙯 𐘻 𐄇 𐝫 𐄁 𐝫 𐘸 𐘳   𐄈 𐘇 𐘙 𐘀 𐘚 𐄈   𐘾 𐘬 𐙁 𐘗 𐄇 
HT 3, 𐝫   𐝫 𐙁 𐝫 𐘆 𐘅 𐝫   𐝫 𐄈 𐘿 𐘽 𐘱 𐝫   𐝫 𐄈 𐘆 𐄈 𐝫   𐄊 𐘕 𐘘 𐄇 𐘘 𐝫   𐝫 𐘤 𐘹 𐘽 𐘙 𐄋 𐘆 𐝫   𐝫 𐙂 𐘰 𐘯 𐄉 𐝫   𐝫 𐙁 𐘆 𐄈 𐘀 𐝫 
HT 30, 𐘤 𐄊 𐘞 𐘽 𐙗 𐝫   𐝫 𐄐 𐄊 𐝆 𐘝 𐄍 𐝂 𐙍 𐄎 𐝆   𐜐 𐝓 𐚻 𐝂 𐘞 𐘴 𐘴 𐝆   𐘖 𐄊 𐘸 𐘁 𐄁 𐙗 𐄎 𐘝 𐝓   𐙍 𐝆 𐘖 𐄇 𐝫 𐝂 𐜐 𐝂   𐝫 
HT 31, 𐝫 𐄁 𐝫 𐘠 𐘞 𐄁 𐘫 𐘺 𐄁 𐚪 𐝫   𐝫 𐄋 𐚢 𐘌 𐘰 𐄐 𐚯 𐘲 𐘫 𐄐   𐝫 𐚰 𐘾 𐘁 𐘰 𐄐 𐘞 𐘱 𐙁 𐄒 𐝫   𐝫 𐄐 𐘸 𐘦 𐙁 𐙯 𐘅   𐝫 𐚢 𐝫 𐄜 𐚢 𐘲 𐘰 𐘴 𐄛   𐚢 𐘂 𐘳 𐘿 𐄤 
HT 32, 𐙛 𐘞 𐘽 𐄁 𐙜 𐝆 𐜍 𐝆 𐝇   𐚻 𐄇 𐝇 𐚹 𐄇 𐛚 𐄇   𐘲 𐘙 𐄁 𐄙 𐄎 𐘆 𐄕 𐄋   𐜍 𐝫 𐘙 𐄙 𐄊 𐘆 𐄔 𐄉 
HT 33, 𐝫 𐄁 𐘞 𐘽 𐄁 𐜫   𐚺 𐄇 𐝃 𐚹 𐝉 𐝋 𐝫   𐝫 𐄉 𐛆 𐝃 𐝉 𐛜 𐝂   𐙙 𐄘 𐜦 𐄙 𐛐 𐄙 
HT 34, 𐘀 𐘶 𐘃 𐄁 𐘤 𐛀 𐄁 𐘞 𐘽 𐄁   𐛜 𐝫 𐝁   𐘡 𐄁 𐙉 𐄚 𐝫 𐛅 𐄈 𐝅 𐝇   𐚻 𐝀 𐚹 𐝃   𐛛 𐄚 𐄓 𐄋   𐛂 𐄙 𐘰 𐄖 𐘸 𐘁 𐄒 𐄍   𐛆 𐝇 𐘫 𐝄 
HT 35, 𐘠 𐘠 𐙂 𐄁 𐙲 𐄁 𐘚 𐙂 𐘳   𐙗 𐄇 𐛚 𐝁 𐜏 𐝁 𐙜 𐝁   𐜐 𐝫 𐘡 𐄋 𐚻 𐝇   𐙍 𐝂 
HT 36, 𐘧 𐘆 𐜠 𐛱 𐄑   𐄓 𐄊 𐝆 𐘬 𐙀 𐘮   𐄍 𐝆   𐝫   𐄌 
HT 37, 𐛛 𐄁 𐘾 𐘸 𐄁 𐄁 𐘲 𐝫   𐝫 𐘙 𐘲 𐝫   𐄌 𐝫   𐘸 𐙠 𐘙 𐄇   𐘸 𐘁 𐄁 𐘾 𐘸 𐄐 𐄇 𐘇 𐄐 𐄋   𐝫 𐄁 𐝫 𐘿 𐄐 𐄍 
HT 38, 𐝫   𐝫   𐘀 𐘁 𐘂 𐚣 𐄇 𐙄 𐄇 𐘒 𐄉 𐛞   𐙈 𐄉 𐛎 𐄈 𐛏 𐄇 
HT 39, 𐘳 𐘚 𐙌 𐄐 𐝫   𐝫 𐙂 𐘙 𐘶 𐄎 𐙂 𐝫   𐝫 𐘞 𐙁 𐘠 𐄐 𐙂 𐘙 𐝫   𐝫 𐙂 𐘁 𐜯 𐄙   𐝫 𐛤 𐄈 𐝫 𐛍 𐝫   𐝫 
HT 4, 𐝫   𐝫 𐙚 𐘠 𐘾 𐘇 𐘙   𐝫 𐘬 𐘭 𐘃 𐄈 𐘂 𐘙   𐝫 𐘳 𐘢 𐘤 𐘆 𐄇 
HT 40, 𐘯 𐘬 𐙷 𐄁 𐘃 𐄁 𐙉 𐄚 𐄍   𐘸 𐘀 𐘳 𐄁 𐙉 𐝫 𐄙 𐄒 𐄊   𐙂 𐘁 𐝫   𐙂 𐝫   𐝫 
HT 41 a, 𐝫   𐝫   𐝫 𐘿 𐘹 𐄐   𐙙 𐄁 𐙘 𐄐 𐘙 𐄁 𐙘 𐄐   𐘻 𐘀 𐘝 𐄁 𐘂 𐘱 𐄈 𐝂 𐝂 
HT 41 b, 𐝫   𐝫   — 
HT 42 + 59, 𐝫 𐘳 𐄁 𐛉 𐄁 𐘃 𐄁 𐜓 𐄎 𐜋 𐝫   𐝫 𐄍 𐘞 𐘁 𐜓 𐄎 𐜋 𐄈 𐝫   𐝫 𐄈 𐙂 𐝫 𐙖 𐝫   𐝫   𐜗 𐄈 𐘲 𐘬 𐝫   𐝫 𐘙 𐘃 𐜓   𐝫 𐝕 𐜋 𐝫 
HT 43, 𐙁 𐘤 𐘬 𐄁 𐘂   𐚂 𐘚 𐄁 𐘚 𐄁 𐛭 𐄋 𐝫 
HT 44 a, 𐘚 𐘌 𐙈 𐄁 𐙉 𐝫   𐜒 𐄉 𐜋 𐄋 𐝫   𐜑 𐄋 𐙋 𐄇 𐝫   𐝫 𐘝 𐄇 𐙍 𐝫   𐝫 
HT 44 b, 𐝫 𐘱 𐄁 𐘃 𐛵 𐝫   𐝫 𐄋 𐘝 𐝫   𐝫 𐙍 𐄖 𐄋   𐝫 𐄐 𐄎   𐝫 𐄐   𐝫 
HT 45 a, 𐝫   𐝫 𐝉 𐘂 𐝫   𐝫 𐙅 𐄁 𐙙 𐄈 𐝫   𐝫 𐙪 𐄁 𐙙 𐄈 
HT 45 b, 𐝫   —   𐝫 𐄎 𐝓 𐚺 𐝉   𐝫 𐙂 𐝃   —   𐙪 𐄁 𐙙 𐄍 𐚺 𐝉 𐘂 𐝫 𐄁 𐝫 𐘇 𐄑   𐝁 𐄁 𐙂 𐝃   𐙂 𐝃 
HT 46 a, 𐝫   𐝫 𐘕 𐘘 𐄇 𐝫   𐝫 𐙂 𐘁 𐄓 𐄉 𐝆 
HT 46 b, 𐝫   𐝫   𐝫 𐄐 𐄌 𐝆   𐝫 𐄈 𐄊 
HT 47 a, 𐘾 𐝫 𐛗 𐄁 𐙂 𐘰   𐘅 𐘹 𐄑 𐝫   𐝫 𐘬 𐄑 𐝫 𐘉 𐝫 𐘢   𐄐 𐘸 𐘀 𐘁 𐝫   𐝫 𐄋   𐝫 𐘻 𐘯 𐘻 
HT 47 b, 𐝫 𐘴 𐘅 𐘙 𐝫   𐝫 
HT 49 a, 𐝫   𐝫 𐄁 𐝫 𐘽 𐘬 𐝫   𐝫 𐘳 𐘅 𐘠 𐄁 𐄇 𐝫   𐝫 𐘭 𐄇 𐘲 𐘸 𐝫   𐝫 𐄇 𐘠 𐘬 𐘝 𐄇 𐝫   𐝫 𐘤 𐘴 𐄇   𐘇 𐘘 𐄇 𐚞 𐄇 𐙢 𐄇 𐙂   𐘰 𐘯 𐄇 𐘹 𐘲 𐘜 𐄇 𐘸 𐄇   —   𐝫 𐄋 𐘹 𐄊 𐘸 𐄇 𐝫   𐝫 
HT 49 b, 𐝫   𐝫 𐙂 𐝫   𐝫 𐘚 𐘸 𐝫 𐘳   —   𐝫   𐝫 𐘾 𐝫   𐝫 
HT 5, 𐝫   𐝫 𐙛 𐝫   𐝫 𐙁 𐘤 𐄒 𐝫   𐝫 𐘣 𐘬 𐄐 𐝫   𐝫   𐝫 
HT 50 a, 𐝫   —   𐝫 𐙉 𐝫   𐝫 𐝃 𐜓 𐝃 𐜗   𐝫 𐝆 𐜎 𐝆 𐙘 𐄇 𐝆   𐝫 𐙋 𐄉 𐛺 𐝃 𐝄 
HT 50 b, 𐝫   𐝫   𐜓   𐝫   𐝫 𐜉 𐄇 𐝫 
HT 51 a, 𐝫 𐄋 𐘝 𐄁 𐘃 𐄁 𐙁 𐝫   𐝫 𐘈 𐄕 𐄊 𐘠 𐘝 𐝫   𐝫 𐘙 𐝫   𐝫 
HT 51 b, 𐝫 𐙂 𐘋 𐘳 𐄐 𐄈 𐝫   𐝫 𐙀 𐘬 𐝆 𐝄 𐘤 𐝫   𐝫   𐝫 
HT 52 a, 𐘞 𐙁 𐄁 𐘃 𐄁 𐝫   𐝫 𐄊 𐘆 𐘾 𐘸 𐝫   𐝫   𐝫 
HT 52 b, 𐝫 𐘗 𐄁 𐙉 𐄚 𐄇 𐝫   𐝫   𐝫 
HT 53 a, 𐝫   𐝫 𐘞 𐘗 𐝫   𐝫   𐝫 𐄓 𐝫 𐙖 𐝫   𐝫 𐄙 𐘴 𐝫   𐝫 
HT 53 b, 𐝫   𐝫   𐝫 𐄐 𐄎 𐝫   𐝫   𐝫 𐙂 𐘙 𐝫   𐝫 
HT 54 a, 𐝫   𐝫   𐝫 𐙂 𐘻 𐘅 𐘿 𐝫   𐝫 𐘸 𐘻 𐘽 𐝫   𐝫 
HT 54 b, 𐝫   𐝫 𐄊 𐘸 𐝫   𐝫   𐝫 
HT 55 a, 𐝫 𐘸 𐘁 𐄁 𐙁 𐘙 𐄇 𐝫   𐝫 𐙕 𐄇 𐘤 𐘘 𐄇 𐘗 𐝫   𐝫 𐘹 𐄇 𐝫   𐝫   𐝫 
HT 55 b, 𐝫 𐘃 𐄇 𐘿 𐝫   𐝫 𐘭 𐘱 𐄇 𐘚 𐝫   𐝫   𐝫 
HT 56 a, 𐙓 𐄁 𐘞 𐝫   𐝫 𐄐 𐄇 𐝆 𐘉 𐝫   𐝫 
HT 56 b, 𐜓 𐄑 𐝫   —   𐝫   𐝫 
HT 57 a, 𐘀 𐘿 𐘴 𐝫   𐝫 𐄇 𐘇 𐝫   𐝫 𐝄 𐝫   𐝫 
HT 57 b, 𐝫 𐙙 𐄎   𐝫   𐝫 
HT 58, 𐘿 𐘠 𐘴 𐘬 𐄁 𐙇 𐝫   𐜋 𐄐 𐄏 𐜗 𐝫   𐝫 𐜎 𐄉 𐙋 𐄓 𐄇   𐝫 𐘉 𐘸 𐝫   𐝫 
HT 6 a, 𐘾 𐘂 𐄁 𐘀 𐘳 𐘴   𐄁 𐘃 𐄁 𐘝 𐄐 𐄋 𐘢 𐘳 𐘱   𐄑 𐄊 𐛑 𐝓 𐙁 𐙭   𐄐 𐘵 𐘽 𐘆 𐘗 𐄈 𐘾   𐘂 𐘿 𐄋 𐝕   𐘀 𐘿 𐘴 𐄁 𐘿 𐘢 𐘳   𐄑 𐄈 𐝕 𐘝 𐄐 𐄋 𐝆 
HT 6 b, 𐘮 𐘬 𐘝 𐘻   𐄉 𐝅 𐝢 𐘠 𐘈 𐄇 𐙁   𐘭 𐘙 𐘚 𐄉   𐘬 𐘀 𐙁 𐄕 𐄌   𐘀 𐘸 𐄉 𐝃 𐘞 𐙁 𐄒   𐄋 𐘰 𐘝 𐘅 𐄐 𐄍 𐝆 
HT 60, 𐝫   𐝫 𐜏 𐝇 𐛙 𐝫   𐝇 𐙍 𐝇 𐝃 𐄋 𐚹 𐝫   𐝫 𐚻 𐝉 𐝫 
HT 61, 𐝫   𐝫 𐘻 𐘠 𐄁 𐛲 𐄌 𐝫   𐝫 𐄁 𐝫 𐘅 𐙉 𐄐 𐄋 𐝃 𐘾 𐙂 𐄊 𐝫 
HT 62, 𐝫 𐄐 𐄎 𐘛 𐘠 𐝫 𐄁 𐝫 𐄌 𐘆 𐝫   𐝫 𐄊 𐝃 𐘾 𐝫   𐝫 𐙇 𐝫 𐄊 𐘺 𐝫   𐝫 𐘯 𐄐 𐄍 𐝫   𐝫 𐄑 𐄋 𐝫   𐝫 
HT 62 + 73, 𐝫 𐘞 𐘴 𐄁 𐘃 𐄁 𐙍 𐝫 
HT 63, 𐙙 𐄁 𐘃 𐄇 𐘾 𐘠 𐄇 𐘲 𐘜   𐝫 𐙀 𐄈   𐝫   𐝫 
HT 64, 𐝫   𐝫 𐙂 𐙀 𐘅   𐝫 𐘅 𐄈 𐘘 𐙁   𐝫 𐄉 𐘑 𐄌   𐝫   𐝫 
HT 65, 𐝫   𐜤 𐝇 𐝫 
HT 66, 𐙀 𐄁 𐙇 𐄁 𐝫   𐝫 𐘆 𐄈 𐘳 𐝫   𐝫 𐘳 𐘻 𐝫   𐝫 𐘙 𐄇   𐝫 
HT 67, 𐝫   𐝫   𐝫 𐙂 𐘁 𐄜 𐄑 𐝫   𐝫 𐘝 𐄁 𐘃 𐄜 𐝫 
HT 68, 𐝫 𐄁 𐝫 𐘶 𐄁 𐙇 𐝫   𐝫 𐄊 𐝫   𐝫 
HT 69, 𐝫   𐝫 𐄋 𐘆 𐄎 𐝫   𐝫 𐙁 𐘆 𐄊 𐝫   𐝫 𐘆 𐄐 𐄈 𐝫   𐝫 
HT 7 a, 𐘿 𐘠 𐄁 𐙇   𐘚 𐘘 𐘱 𐄉   𐘬 𐘱 𐄊   𐘳 𐘅 𐘠 𐄇 𐘀 𐘙   𐄇 𐘃 𐘹 𐄇 
HT 7 b, 𐘐 𐘹 𐘗 𐄇   𐘀 𐘘 𐙵 𐄈 
HT 70, 𐝫 𐘝 𐄁 𐘃 𐄒 𐝫   𐝫 𐘌 𐙈 𐘞 𐄈 𐝃   𐝫 𐘚 𐄉 𐝫   𐝫   𐝫 
HT 72, 𐘤 𐙇 𐝫 𐄁 𐝫   𐝫   𐝫 
HT 73, 𐝫 𐙂 𐝫   𐝫 𐄇 𐘂 𐘚 𐘸 𐝫   𐝫 𐄎   𐘞 𐘁 𐘿 𐝫   𐝫 𐄑 𐄎   𐝫   𐝫 
HT 73 + 62, 𐝫 
HT 74, 𐝫   𐝫   𐝫 𐙂 𐘁 𐄑 𐝫   𐝫 
HT 75, 𐘾 𐘘 𐝫   —   𐝫 
HT 78, 𐝫   —   𐝫 𐘕 𐙢 𐝫   —   𐝫 
HT 79 + 83, 𐝫 𐘚 𐄁 𐙙 𐝫 𐘾 𐄁 𐘀 𐘰   𐝫 𐘹 𐘂 𐘭 𐄇 𐝫 𐘹 𐝫 𐄁 𐝫 𐄉   𐝫 𐙂 𐘝 𐝫 𐙀 𐄉   𐝫 
HT 8 a, 𐘧 𐘆 𐜓 𐄐 𐘰   𐘾 𐘴 𐘠 𐄇 𐝆 𐘂 𐄉 𐝆   𐘃 𐙕 𐄈 𐘌 𐙠 𐘚   𐝕 𐘤 𐘸 𐘴 𐝃   𐘸 𐘙 𐘳 𐘅 𐝆 
HT 8 b, 𐘲 𐘜 𐙓 𐄇   —   𐄋 𐘰 𐙓 𐄈 𐘌 𐙠   𐘚 𐄇 𐝃 𐝄 𐘾 𐘂 𐝆   𐘂 𐘱 𐘙 𐄇 𐝄 𐛥 𐝆   𐝆 
HT 80, 𐝫   𐝫 𐘶 𐘴 𐝫   𐝫 
HT 81, 𐘇 𐘈 𐄁 𐛚 𐄁 𐝅 𐝫   𐝫 𐘭 𐘲 𐙁 𐝋 𐘸 𐝫   𐝫 
HT 82, 𐝫   𐝫 𐛮 𐝇 𐝫   𐜜 𐝃 𐝫   𐝫 
HT 84, 𐘐 𐘱 𐘬 𐝫   𐝫 𐘯 𐘠 𐄁 𐙇 𐝫   𐝫   𐝫 
HT 85 a, 𐘇 𐘬 𐄁 𐜠 𐄁 𐙇 𐄁   𐘀 𐘭 𐘀 𐄐 𐄈 𐘰 𐘝 𐄐 𐄈   𐘉 𐙱 𐘍 𐄌 𐘀 𐘤   𐙈 𐄑 𐄊 𐙂 𐙀 𐘝 𐄋   𐘃 𐘥 𐄉 𐘀 𐘙 𐄊   𐙂 𐘁 𐝫 𐄕 𐄌 
HT 85 b, 𐘸 𐘸 𐘴 𐘱 𐄁 𐘸 𐘙   𐘷 𐄇 𐘿 𐘾 𐄇 𐘂 𐄇 𐘃 𐘹   𐝫 𐄇 𐘾 𐄇 𐘆 𐄇 𐘋 𐘍 𐄇   𐘙 𐘆 𐘈 𐄇 𐘮 𐘬 𐘝   𐘻 𐄇 𐙁 𐘆 𐄇 𐘌 𐙠   𐘚 𐄇 
HT 86 a, 𐘇 𐘾 𐘘 𐄁 𐙂 𐘝   𐘲 𐛷 𐄑 𐘞 𐘘 𐄑   𐘆 𐘦 𐘘 𐄑 𐘌 𐘽 𐘮 𐄐   —   𐘇 𐘬 𐄁 𐘀 𐘋 𐛳 𐄑   𐘻 𐘯 𐘃 𐄑 
HT 86 b, 𐘇 𐘾 𐘘 𐄁 𐙂 𐘝   𐘲 𐛷 𐄑 𐘞 𐘘 𐄑   𐘆 𐘦 
HT 87, 𐘐 𐘹 𐘗 𐄁 𐙁 𐘾   𐘭 𐘃 𐄁 𐘢 𐘳 𐘥 𐘤 𐄇   𐘱 𐘙 𐘻 𐄇 𐘆 𐘸 𐘈 𐄇   𐘿 𐘲 𐘫 𐄇 𐙂 𐘘 𐙂 𐄇   𐘇 𐘴 𐝫 𐄁 𐝫 𐘇 𐘹 𐄇 
HT 88, 𐘇 𐘬 𐛧 𐄑 𐘙 𐘍   𐄌 𐘝 𐄁 𐘸 𐘸 𐘅 𐄍   𐘸 𐘁 𐄁 𐙂 𐘰 𐘰 𐄇 𐘾 𐘶 𐄇   𐙂 𐘰 𐘯 𐄇 𐘂 𐘱 𐘙 𐄇 𐘞 𐙁   𐘁 𐄇 𐘀 𐘳 𐘙 𐄇 𐙂 𐘁 𐄌 
HT 89, 𐘇 𐘞 𐘽 𐄁 𐙛 𐄁 𐙙 𐄑 𐄉   𐛕 𐄑 𐄈 𐙁 𐘚 𐘻 𐄑 𐄊   𐛩 𐄐 𐄉 𐘳 𐘴 𐄋   𐙂 𐘁 𐄗 𐄍   𐙗 𐄈 𐝆 𐝃 𐘝 𐄈 𐝃 𐙍 𐄌 𐝫 
HT 9 a, 𐘞 𐘁 𐄁 𐘃 𐄁 𐙍 𐄁   𐘂 𐘦 𐄁 𐄋 𐝕 𐙚 𐘹   𐄐 𐘆 𐘅 𐘉 𐄊 𐘿 𐘫   𐄈 𐙰 𐘆 𐘴 𐄈 𐝆 𐘳   𐘚 𐙌 𐄈 𐝆 𐘇 𐘘   𐄊 𐝃 𐙂 𐘁 𐄒 𐄇 𐝆 𐝃 
HT 9 b, 𐘰 𐄁 𐘮 𐘱 𐘢 𐝫   —   𐘾 𐙙 𐄁 𐘂 𐘦 𐄉 𐘇 𐘤   𐄉 𐙚 𐘹 𐄎 𐙰 𐘆 𐘴 𐄈   𐘿 𐘫 𐄈 𐘳 𐘚 𐙌 𐄈   𐘆 𐘅 𐘉 𐄊   𐙂 𐘁 𐄑 𐄊 
HT 90, 𐘚 𐙂 𐘭 𐘅 𐘞 𐘽 𐙉   𐄑 𐘝 𐄐 𐜉 𐄉 𐘤   𐘘 𐙁 𐘭 𐘷 𐙉 𐄇 𐘝   𐄇 𐜗 𐄇 𐙘 𐄇 
HT 91, 𐘚 𐘾 𐄁 𐙲 𐄁 𐙉 𐝎   𐙘 𐝀 𐄁 𐜓 𐝀 𐜋   𐝀 𐜗 𐝀 𐙋 𐝀 𐘝 𐝀   𐙍 𐝀 𐘡 𐄋   𐘃 𐘭 𐄁 𐜗 𐝀 𐘡 𐄉 𐝫   𐝫 
HT 92, 𐘃 𐄁 𐘇 𐘬 𐄁 𐙉 𐄞   𐄗 𐙘 𐄐 𐄈 
HT 93 a, 𐘰 𐘝 𐘅 𐄁 𐙉 𐘰 𐄁 𐚿 𐄐 𐄈 𐘆   𐘭 𐘅 𐄁 𐚴 𐄓 𐄉 𐝆 𐘸 𐘆   𐘝 𐄋 𐝆 𐝅 𐘇 𐘈 𐄁 𐘚   𐛭 𐄑 𐄌 𐝆 𐝃 𐘞 𐘽 𐄑 𐘌 𐘌   𐘘 𐄁 𐘚 𐛭 𐄋 𐙇 𐘚   𐄌 𐘦 𐘶 𐙂 𐄇 𐝆 𐘵 𐘠   𐝫 𐄁 𐝫 𐄉 𐘀 𐘭 𐘀 𐚦 𐄈 𐚃 𐄈   𐘰 𐘝 𐘅 𐝫 𐘂 𐘈 𐘱 𐄑   𐙇 𐄐 𐝄 𐝫 𐘾 𐄊 
HT 93 b, 𐝫 𐄙 𐄕 𐄋 𐝅 𐘸 𐘁   𐝫 
HT 94 a, 𐘾 𐘂 𐙇 𐄕 𐄈 𐙅 𐄑   𐛃 𐄍 𐛪 𐄐 𐄎 𐘳 𐄊   𐙂 𐘁 𐄙 𐄐 𐘞 𐘽 𐙗 𐄋 𐘝 𐄉 𐝅   𐝫 𐄈 𐙪 𐙚 𐄐 𐄇 𐙗 𐝓 𐘝 𐝓   𐝫 𐄐 𐄊 𐝆 𐘝 𐝂 
HT 94 b, 𐘸 𐘁 𐄁 𐘹 𐙁 𐄇 𐘂 𐘳 𐘗 𐄇   𐘦 𐘆 𐄇 𐘥 𐘸 𐘘 𐄇 𐘞 𐘘 𐄇   𐙂 𐘁 𐄋   𐙅 𐄁 𐘴 𐝫 𐄁 𐝫 𐘦 𐘋 𐘃 𐄇   𐘐 𐘹 𐝫 𐄁 𐝫 𐄇 
HT 95 a, 𐘀 𐘬 𐙁 𐘳 𐄁 𐙉   𐘀 𐘋 𐄐 𐘻 𐘯 𐘃 𐄐   𐘞 𐘘 𐄑 𐙂 𐘝 𐘲   𐄐 𐘆 𐘦 𐘘 𐄐 𐘿   𐘽 𐘉 𐄍 
HT 95 b, 𐘇 𐘬 𐄁 𐘞 𐘘 𐄐   𐝫 𐄁 𐝫 𐘀 𐘋 𐄐 𐘻   𐘯 𐘃 𐄐 𐙂 𐘝 𐘲   𐄐 𐘆 𐘦 𐘘 𐄐 𐘿   𐘽 𐘉 𐄐 
HT 96 a, 𐘚 𐘠 𐘠 𐙂 𐘝 𐄁 𐘇 𐘂   𐘴 𐘗 𐄁 𐘇 𐙌 𐘃 𐄁 𐘤 𐘻   𐘳 𐙉 𐄋 𐘘 𐘞 𐄊 𐙯 𐙩 𐄇   𐘢 𐘳 𐘴 𐄁 𐄇 𐙯 𐚄 𐄇   —   𐝫 𐙂 𐙁 𐘁 𐄁 𐄁 𐘃 𐘝 𐄑   𐝫 𐘝 𐄈   —   𐝫 
HT 96 b, 𐘇 𐘂 𐘴 𐘗 𐄁 𐘌 𐙈   𐘴 𐘙 𐄁 𐛀 𐄁 𐙉 𐄁 𐄓 𐝕   𐜋 𐄊 𐘝 𐄈 𐝇   𐝫 
HT 97 a, 𐘾 𐘘 𐄁 𐜠 𐄁 𐛧 𐄗 𐄈 𐙳   𐄒 𐄉   𐘾 𐘯 𐘠 𐄑 𐄋 𐘂 𐘚 𐘄 𐄌   𐘆 𐄊 𐘅 𐘠 𐄊 𐙁 𐘆 𐄋 𐘶   𐄐 𐄋 𐘸 𐄉 𐙀 𐝫 𐄋 𐘳 𐘠 𐄈   𐘦 𐝫 𐄁 𐝫 𐄉 𐝫 𐘇 𐄋   𐝫 
HT 97 b, 𐘞 𐙸 𐝃 
HT 98 a, 𐝫   𐝫 𐘦 𐄇 𐝫   𐝫 𐘹 𐄇 𐘳 𐘅 𐘠 𐝕 𐘆   𐘙 𐘆 𐘅 𐝆 𐘃 𐙕 𐝕   𐘁 𐘥 𐝆 𐘾 𐘭 𐙠 𐘚   𐝃 
HT 98 b, 𐝫   𐝫 𐙓 𐝫   𐝫 𐙍 𐝕 𐘀 𐘘 𐘗 𐘃 𐝇 
HT 99 a, 𐘇 𐘬 𐄁 𐘞 𐘽 𐙗 𐄊 𐝫   𐘝 𐄊 𐝫 𐙍 𐄇 𐝅 𐛱   𐝫 
HT 99 b, 𐛉 𐘝 𐄌 𐘀 𐘤 𐙈 𐄈   𐙀 𐘬 𐄇 𐘘 𐙁 𐘳   𐄇 
HT W 231A, 𐙋 
HT W 231B, 𐙓 
HT W 231C, 𐝫 𐄁 𐝫 
HT Wa 1001, 𐘀 𐘾 
HT Wa 1006, 𐘚 𐘽 
HT Wa 1014, 𐘤 𐘾 
HT Wa 1019, 𐘂 𐘳 𐘗   𐘤 𐘹 
HT Wa 1020, 𐜝 𐙂 𐘂   𐝃   𐘧 𐘳 𐘅 
HT Wa 1021, 𐙓 𐘬 𐄁   𐝕   𐛉 𐛔 
HT Wa 1021 bis, 𐜝 𐝧 𐄉 
HT Wa 1022, 𐛁 
HT Wa 1023, 𐝃 
HT Wa 1025, 𐝆 𐙕 
HT Wa 1026, 𐝃 𐙕 
HT Wa 1027, 𐘾 𐘤 
HT Wa 1028, 𐘤 𐘾 
HT Wa 1029, 𐙕 𐙕 
HT Wa 1031, 𐘀 
HT Wa 1032-1033, 𐘁 
HT Wa 1122, 𐘃   𐘃 ¹ ¹ ² ³ 
HT Wa 1147, 𐘇   𐘇 ¹ ¹ ⁴ ⁸ 
HT Wa 1150, 𐘚 
HT Wa 1175, 𐘤   𐘤 ¹ ¹ ⁹ ⁹   𐘤 ¹ ² ⁵ ⁹ 
HT Wa 1267, 𐘳   𐘳 ¹ ² ⁷ ⁸ 
HT Wa 1279, 𐘵 
HT Wa 1282, 𐘼   𐘼 ¹ ² ⁸ ³   𐘼 ¹ ² ⁸ ⁶   𐘼 ¹ ³ ¹ ¹ 
HT Wa 1322, 𐘾   𐘾 ¹ ⁴ ⁵ ¹ 
HT Wa 1471, 𐙂   𐙂 ¹ ⁴ ⁹ ⁰   𐙂 ¹ ⁵ ¹ ⁸   𐙂 ¹ ⁵ ⁴ ⁷   𐙂 ¹ ⁵ ⁸ ² 
HT Wa 1623, 𐙕   𐙕 ¹ ⁶ ³ ⁸   𐝥 ¹ ⁷ ¹ ⁰   𐙕 ¹ ⁷ ⁷ ⁵   𐝥 ¹ ⁸ ³ ⁴   𐝥 ¹ ⁸ ⁴ ⁶ 
HT Wa 1849, 𐚙 
HT Wa 1850, 𐚚 
HT Wa 1851, 𐚛 
HT Wa 1852, 𐚜 
HT Wa 1853, 𐚝 
HT Wa 1854, 𐚞 
HT Wa 1855, 𐝫 
HT Wb 2001, 𐘁 
HT Wb 229, 𐙓 𐜙 
HT Wc <3018>, 𐘾 𐜙 
HT Wc 3001, 𐘂 𐘈 𐘱 𐝆 
HT Wc 3002, 𐘂 𐘈 𐘱 
HT Wc 3003, 𐘾 𐘙 𐘁 
HT Wc 3004, 𐘳 𐘝 𐘾 𐘈 
HT Wc 3005, 𐘳 𐘝 𐘾 𐘈 
HT Wc 3006, 𐘮 𐘵 𐘻 𐘴 𐙦 𐘴 
HT Wc 3007, 𐘮 𐘆 𐘝 
HT Wc 3008, 𐘮 𐘆 𐘝 𐘘 𐘱 𐘳 𐘆 
HT Wc 3009, 𐙹 𐘆 𐘲 𐘾 𐙓 
HT Wc 3010, 𐙹 𐘆 𐘅 𐘲 𐘾 
HT Wc 3011, 𐙀 𐘆 𐘴 
HT Wc 3012, 𐙀 𐘆 𐘴 𐘙 𐘁 
HT Wc 3013, 𐙓 
HT Wc 3014, 𐙂 𐘻 𐘅 𐘿 𐄁 𐘒 
HT Wc 3015, 𐘾 𐙂 𐘂 𐙗 
HT Wc 3016, 𐘾 𐙂 𐘂 𐜝 𐜙 
HT Wc 3017, 𐘌 𐙂 𐘙 𐄁 𐘆 𐙗 𐝂 𐜝 𐜝 
HT Wc 3019, 𐘮 𐝃 
HT Wc 3021, 𐝫 
HT Wc 3022 (?), 𐙇 
HT Wc 3024, 𐘇 𐘴 𐘹 𐘋   𐘓 
HT Wd 1617, 𐙂 
HT Wd 1663, 𐙕 
HT We/Wc 3020, 𐙓 𐘬 𐜝 𐜙 
HT Zb 158 a, 𐝫 𐄁 𐝫 𐘹 𐘈 𐘲 𐘸 
HT Zb 158 b, 𐘲 𐘸 𐘭 𐘃 𐘚 𐘱 
HT Zb 159, 𐘇 𐘅 𐘯 𐘤 𐘱 𐘈 𐝫 
HT Zb 160, 𐘂 𐘳 𐘀 𐘬 𐘜 𐘙 𐝫 
HT Zb 161, 𐝫 𐘤 𐘫 𐝫 
HT Zb 162, 𐘆 𐄉 𐘠 𐘬 
HT Zb 162bis, 𐘀 
HT Zd 155, 𐘇 𐘶 𐄁 𐘅 𐙁 𐙁 𐘠 𐘠 𐙫 
"HT Zd 157, 156, 155", 𐝫 𐘗 𐄇 𐘗 𐄇 𐝆 𐙫 𐄈 𐝃 𐙫 𐄉 𐝃 𐝄 𐘳 𐘱 𐝇 𐝫 
HT Zd 157+156, | 𐘣 𐘱 𐘲 𐙁 𐘠 𐘠 𐙫 
HT Zf 163, 𐘀 
HT Zf 164, 𐘀 
HT Zf 165, 𐘚 
HT Zf 166, 𐙯 
HT Zf 167, 𐙜 
HT Zf 168, 𐘗   𐘀 
HT Zf 169, 𐝫 
HT Zg 163, 𐝄 
IO Za <1>, 𐘇 𐘧 𐘞 
IO Za 11, 𐝫 𐘅 𐝫 𐄁 𐝫 𐘀 𐘀 𐝫 𐄁 𐝫   𐝫 𐘉 𐘠 𐘯 𐄁 𐘚 𐘅 𐘚 𐘀 𐝫 
IO Za 12, 𐝫 𐄁 𐝫 𐄁 𐘱 𐘞   𐘞 𐘴 𐘋 𐄁 𐘚 𐘠 𐝫 
IO Za 13, 𐝫 𐄁 𐝫 𐙁 𐘚 𐝫 
IO Za 14, 𐘤 𐝫 𐘘 𐘃 𐄁 𐘚 𐘆 𐝫 
IO Za 15, 𐝫 𐘚 𐘢 𐘅 𐙁 𐄁 𐘤 𐘘 𐝫 𐘃 
IO Za 16, 𐝫 𐙌 𐄁 𐘱 𐘞 𐘞 𐘴   𐘋 𐄁 𐘉 𐘅 𐘘 𐘾 𐝫 𐘅 𐘤 
IO Za 2, 𐘇 𐘳 𐘚 𐙕 𐘮 𐘱 𐄁 𐘱 𐘆 𐘸 𐘹 𐘹 𐄁 𐘱 𐘞 𐘞 𐘴 𐝫 𐘋 𐄁 𐘉 𐘅 𐘾 𐘅 𐝫 𐘤 𐝫 𐄁 𐝫 𐘚 𐘢 𐘅 𐙁 𐄁   𐘤 𐘘 𐘃 𐄁 𐘳 𐘅 𐘴 𐘃 𐘉 𐘠 𐘯 𐄁 𐘚 𐝫 𐄁 𐝫 
IO Za 3, 𐄁 𐘇 𐘳 𐘚 𐙕 𐘮 𐘱 𐄁 𐙄 𐝫 
IO Za 4, 𐝫 𐙕 𐘮 𐝫 
IO Za 5, 𐝫 𐘚 𐘱 𐘙 𐘆 𐘱 𐄁 𐘚 𐘱 𐘂 𐝫 
IO Za 6, 𐘳 𐘅 𐘚 𐙕 𐘉 𐘠 𐘯 𐄁 𐘚 𐘅 𐘳 𐘚 𐙀 𐘆 𐘤 𐘾 𐄁 𐘱 𐘞 𐘞 𐘴 𐘋 𐄁 
IO Za 7, 𐘇 𐘳 𐘚 𐙕 𐘮 𐘱 𐄁 𐘱 𐘠 𐙭 𐝫 
IO Za 8, 𐝫 𐘇 𐘅 𐘠 𐙕 𐘮 𐘱 𐝫 
IO Za 9, 𐘱 𐘞 𐘞 𐝫 𐘴 𐘋   𐄁 𐘉 𐘅 𐘾 𐝫 𐘅 𐘤 
IO Zb 10, 𐝫 𐘇 𐘞 𐘞 𐘴 𐘋 
KA Zf 1, 𐘹 𐘯 𐄁 
KAM Zb 1, 𐘯 𐘁 𐄁 𐝫 𐄁 
KAN Za 1, 𐘇 𐝫 𐄁 𐝫 𐘚   𐝫   𐝫 
KE 1, 𐘾 𐘞 𐝫   𐝫   𐝫 
KE Wc 2, 𐝂   𐝁 𐝁 
KE Zb 3, 𐘸 
KE Zb 4, 𐄁 𐘱 𐘤 𐘡 
KE Zb 5, 𐜀 
KE Zb 6, 𐝫 𐘜 𐝫 
KE Zb 7, 𐝫 𐘢 𐝫 
KH 1, 𐝫 𐘧 𐄁 𐛵 𐄖 𐝫   𐝫 𐄉 𐝆 𐘝 𐝫   𐝫 
KH 10, 𐝫   𐝫 𐄈   𐝫 𐝆 𐙉 𐄐   𐘚 𐘂 𐘞 𐘱 𐄁 𐘌 𐙈 𐘇 𐘸 𐘢   𐘡 𐘃 𐙉 𐄘 
KH 100, 𐚌 𐙚 𐝫   𐘁 𐙍 𐝫   𐘥 𐝃 𐝫   𐝫 
KH 11, 𐘇 𐘬 𐝫 𐄁 𐝫 𐘍 𐙗 𐝇   𐘲 𐄉 𐜚 𐝇 𐝉 𐙍 𐝀   𐙚 𐄊 𐙗 𐝁 𐚈 𐙗 𐝇   𐝉 𐘇 𐘄 𐚉 𐘄 𐘚 𐜚   𐄉 𐘝 𐄇 𐙍 𐄉 𐘇 𐘳 𐚊   𐙕 𐄇 𐙚 𐄇 𐘤 𐙗 𐝇 𐝉 
KH 12, 𐝫 𐙗 𐝫 𐄈 𐙜 𐝆 𐛚 𐝆   𐝫 𐝁 𐙻 𐝫 𐝁 𐛀   𐝫 𐝇 𐜫 𐝂 𐜩 𐝍   𐝫 𐜩 𐝍 𐝫   𐝫 
KH 13, 𐝫   𐝫 𐄈 𐝆 𐝫   𐝫 𐘇 𐘈 𐘙 𐘍 𐝫   𐝫 𐝃 𐝉 𐙘 𐝁 𐝫   𐝫 𐘀 𐘚 𐝫   𐝫 𐄉   𐝫 
KH 14, 𐝫 𐘴 𐄁 𐘇 𐙁 𐘱 𐄁 𐙗 𐄌 𐝫   𐝫 𐙗 𐝃 𐙼 𐄈 𐙗 𐝇 𐝫   𐝫 𐘝 𐝃 𐛨 𐄈 𐝫 𐙗 𐝫   𐝫 
KH 15, 𐝫 𐙗 𐝫 𐝆 𐘝 𐝆   𐝫 𐘝 𐝃 
KH 16, 𐝫 𐄑 𐄈 𐙗 𐝇 𐝉 𐝫   𐝫 𐘉 𐘳 𐘚 𐘤 𐜙 𐝫   𐝫 𐝆 𐘳 𐝫   𐝫 
KH 17, 𐝫   𐝫   𐝫 𐄊 𐝆 𐝁 𐘝   𐝫 𐘝 𐄇 𐘇 𐝫   𐝫 
KH 18, 𐝫   𐝫 𐜨   𐝫 𐄋 𐘚 𐙂 𐘢 𐝫   𐝫 𐙏 𐄇 𐙂 𐄑 𐄈 𐘤 𐝫   𐝫 𐚵 𐙏 𐄇 𐚶 𐝫 
KH 19, 𐝫 𐙚 𐙇 𐙛 𐄐 𐄉 𐝫   𐝫 𐄈 𐜐 𐝁 𐝫 
KH 2, 𐝫   𐝫 𐄑 𐘹 𐝫   𐝫 𐙗 𐝫 𐝃 𐙚 𐙗 𐝃 𐝫   𐝫 
KH 20, 𐝫   𐝫   𐘇 𐘤 𐘸 𐘴 𐄁 𐜚 𐝫 𐝁   𐝫 𐘬 𐘙 𐘍 𐄁 𐜚 𐝆 𐘝 𐝃 
KH 21, 𐝫   𐝫 𐙗 𐝍   𐝫 𐝂 𐘝 𐄈 𐝫   𐙚 𐘿 𐘬 𐝫 
KH 22, 𐝫 𐘍 𐄁 𐘲 𐄍 𐜚 𐝫   𐝫 𐘤 𐄊 𐙗 𐝫   𐝫 
KH 23, 𐘇 𐘬 𐝫   𐝫 𐙗 𐝫   𐝫 
KH 24, 𐝫 𐘲 𐄐 𐄈 𐝫   𐝫 𐝈 𐝉   𐝫 
KH 25, 𐝫 𐙇 𐄙 𐄓 𐝫   𐝫 𐙇 𐄐 𐝫   𐝫 
KH 26, 𐝫   𐝫 𐙇 𐄕 𐝫   𐘝 𐄈 𐝃 𐝋 𐝫   𐝫   𐝫 
KH 27, 𐝫   𐝫 𐘝 𐝫   𐝫 𐛭 𐄊 𐝫 
KH 28, 𐝫   𐝫   𐝫 𐘈 𐄁 𐛵 𐝫 
KH 29, 𐝫 𐘴 𐄁 𐘷 𐝫   𐝫 𐄇 𐙂 𐘂 𐝫   𐝫 𐄈 𐙗 𐝆 𐝫   𐝫   𐝫 
KH 3, 𐝫   𐝫 𐘯 𐄇   — 
KH 30, 𐝫   𐝫 𐝉 𐝫   𐝫 𐘝 𐄏 
KH 31, 𐝫   𐝫 𐜨   —   𐝫 𐝆 𐜪 𐝫   𐝫 𐄇   𐝫 
KH 32, 𐘚 𐙷 𐝫   𐝫 𐄋 𐝫   𐝫 
KH 33, 𐝫   𐝫 𐜙 𐝫   𐝫 𐄇 𐘇 𐝫   𐝫 
KH 34, 𐝫 𐜚 𐄈 𐘝 𐝫   𐝫   𐝫 
KH 35, 𐝫   𐝫   𐝫 𐄇 𐙗 𐝫   𐝫 
KH 36, 𐝫 𐘾 𐄁 𐛚 𐄊 𐝫   𐝫 𐘅 𐝫   𐝫 
KH 37, 𐜜 𐄈 𐘣 𐝫   𐜜   𐝫 
KH 38, 𐝫   𐝫   𐜙 𐝆 𐝫   𐝫   𐝫 
KH 39, 𐘇 𐘳 𐝫   𐝫 𐜐 𐝫   𐝫 
KH 4, 𐘇 𐘬 𐘙 𐝫   𐝫 𐙚 𐄊 𐙗 𐝁 𐝫   𐝫   𐝫 
KH 40, 𐝫   𐝫 𐘤 𐘅 𐝫   𐝫 
KH 41, 𐝫 𐄉   𐝫 𐘾 𐘳 𐘙 𐝫   𐝫 
KH 42, 𐝫   𐝫 𐜟 𐝫   𐝫 
KH 43, 𐝫 𐙁 𐘘 𐘙 𐄈 𐛇 𐝫   𐝫 
KH 44, 𐝫   𐝫   𐝫 𐙻 𐝫   𐝫 
KH 45, 𐘇 𐝫   𐝫   𐝫 
KH 46, 𐝫   𐝫   𐝫 𐝋 𐙍 𐝫   𐝫 
KH 47, 𐝫   𐝫 𐘌 𐘗 𐝫   𐝫 𐄌 𐘤 𐝫   𐘴 𐄁 𐙚 𐝫 
KH 49, 𐝫   𐝫 𐘘 𐝫   𐝫 𐙂 𐝫   𐝫 
KH 5, 𐘇 𐘸 𐘤 𐘾 𐄁 𐘇 𐘴 𐘉   𐘀 𐄁 𐘣 𐘞 𐘞 𐘗 𐜚 𐄈 𐜂 𐄈   𐘣 𐘅 𐘬 𐄁 𐙕 𐘅 𐄁 𐙂 𐘂 𐙀   𐙗 𐝫 𐄉 𐝫 𐝀 𐘝 𐄈 𐝆 𐝁 
KH 50, 𐝫   𐝫 𐘳 𐄈   𐝫 𐘧 𐄈 𐘿 𐝫 𐄁 𐝫 𐄇   —   — 
KH 51, 𐝫 𐘤 𐘚 𐘤 𐄉   𐝫 𐄊 𐘹 𐝫   𐝫 
KH 52, 𐝫   𐝫   𐝫 𐘳 𐘉 𐝫   𐝫 
KH 53, 𐝫 𐘇 𐘋 𐙌 𐄁 𐘗 𐝫   𐝫 
KH 54, 𐝫 𐜚 𐄇 𐙉 𐝫 𐄇 𐝫   𐝫   𐝫 
KH 55, 𐝫   𐝫   𐜐 𐝁 𐝫   𐝫 𐄉 𐘝 𐝫   𐝫 
KH 56, 𐝫 𐝕 𐝉 𐝫   𐝫   𐝫 
KH 57, 𐝫   𐝫 𐘹 𐝫   𐝫 𐘎 𐄇 𐝫   𐝫 𐙗 𐝫 𐝃 𐝫   𐝫 
KH 58, 𐝫   𐝫   𐝫 𐙗 𐝫 𐄊 𐘝 𐝫   𐝫 𐜚 𐄇 𐝃 𐘇 𐝫   𐝫 𐜚 𐄊 𐝫   𐝫 𐙗 𐝫 𐝆 𐘇 𐙕 𐝫 
KH 59, 𐝫   𐝫 𐄇   𐝫 𐘚 𐄋   𐝫 𐘆 𐘅 𐄋   𐝫 
KH 6, 𐝫 𐜙 𐝆 𐘆 𐘤 𐝫   𐝫 𐘃 𐘯 𐘙 𐝫   𐝫 𐘸 𐘞 𐘗 𐜙 𐝆 𐚇   𐝫 𐙗 𐝫 𐝆 𐘭 𐘳 𐘧 𐜙 𐝫   𐝫 𐘔 𐄇 𐜙 𐝆 𐘕 𐄇 𐘂 𐝫   𐝫 𐘙 𐄁 𐙺 𐄇 𐜙 𐝆 𐘢 𐘞 𐝫   𐝫 𐜙 𐙄 𐘙 𐘃 𐄁 𐙚 𐄇   𐝫 𐄎 𐙗 𐄈 𐝆 𐝁 
KH 60, 𐝫 𐘴 𐘸 𐘳 𐘅 𐘤 𐝫   𐝫 𐙏 𐝍 𐘷 𐙗 𐝫   𐝫 𐝂 𐛚 𐝂 𐝫   𐝫   𐝫 
KH 61, 𐝫   𐝫 𐄑 𐝫   𐝫 𐄇 𐙁 𐝫   𐝫 𐝁 𐜐 𐝉 𐝫   𐝫 𐙗 𐝫 𐄈 𐙉 𐄇 𐝍 
KH 62, 𐝫   𐝫 𐙁 𐝫 
KH 63, 𐝫   𐝫 𐘲 𐄐 𐝫   𐝫 𐜩 𐝉 𐝫   𐝫 
KH 64, 𐝫   𐝫 𐘳 𐝫   𐝫   𐝫 
KH 65, 𐝫   𐝫 𐘝 𐝫   𐝫 
KH 66, 𐝫 𐄒 𐝫   𐝫 
KH 67, 𐝫   𐝫   𐝫 𐄇 𐝫   𐝫 
KH 68+71, 𐝫   𐝫 𐜨 𐝉 𐝫   𐝫   𐝫 
KH 69, 𐝫   𐝫   𐝫 
KH 7 a, 𐝫   𐝫 𐘗 𐝫 𐄁 𐝫 𐘸 𐙺 𐄊 𐜙 𐄇 𐝫   𐝫 𐘚 𐜚 𐝇 𐘡 𐘅 𐘤 𐄁   𐛪 𐄐 𐜙 𐝆 𐘚 𐘱 𐘂 𐘋 𐄁 𐘳 𐘳 𐄁   𐘌 𐘠 𐘸 𐙇 𐄊 𐜙 𐝁 𐘈 𐙙 𐄁 𐙂   𐝫 𐄁 𐝫 𐘺 𐘡 𐛪 𐝫 𐄐 𐄎 𐜙 𐄇 𐝆 𐝃 𐝉 𐝫   𐝫 𐝁 𐝌 
KH 7 b, 𐝫   —   𐘉 𐘳 𐘚 𐘈 𐜙 𐝆 𐝫 𐝫 𐘂 𐘅   𐘹 𐜙 𐝆 𐜝 𐄇 𐘤 𐄐 𐄊 𐜛 𐄈 
KH 70, 𐝫   𐝫   𐝫 
KH 72, 𐝫   𐝫   𐝫 
KH 73, 𐝫   𐝫 𐝉 𐘇 𐝫   𐝫 𐄇 𐘝 𐄇 𐜝 𐄇 𐝫   𐝫 𐝇 𐘇 𐝫   𐝫 
KH 74, 𐝫 𐘤 𐄁 𐘱 𐘀 𐘲 𐝫   𐝫 𐘤 𐝥 𐘻   𐝫 
KH 75, 𐝫   𐝫 𐝆 𐝫   𐝫 𐙗 𐝫 𐝇 𐝉 𐘝 𐝁   𐝫 
KH 76, 𐝫   𐝫 𐘤 𐄊 𐝫   𐝫 𐙗 𐝫 𐝃 𐝌   𐝫 
KH 77, 𐝫 𐙗 𐝫 𐝍   𐝫 
KH 78, 𐝫   𐝫 𐄒 𐝫   𐝫 
KH 79, 𐝫   𐝫 𐘂 𐘀 𐝫   𐝫 
KH 79+89, 𐝫 𐘻 𐘅 𐝫   𐝫 𐘂 𐘳 𐄁 𐘇 𐘴 𐝫   𐝫 𐘂 𐘀 𐘝   𐝫 
KH 8, 𐝫   𐝫 𐘙 𐝫   𐝫 𐘳 𐄈 𐜙 𐝆 𐘝 𐝆   𐝫 𐙉 𐝆 𐙘 𐝃 𐙗 𐝃 𐙇 𐝫   𐝫 𐘝 𐝃 𐙢 𐄇 𐚻 𐄇 𐝫 
KH 80, 𐝫 𐝂 𐙖 𐝫   𐝫 
KH 81, 𐝫   𐝫   𐄋 𐝫 𐛛 𐄢 𐝫   𐝫 𐄉   𐝫 
KH 82, 𐝫   𐝫   𐝫 𐜏 𐝉 𐝫   𐝫 𐙧 𐄇 𐝫   𐝫 𐙼 𐝫   𐝫 
KH 83, 𐝫 𐄁 𐘇 𐘆 𐘗 𐝫   𐝫 𐄐 𐄋 𐚡 𐘇 𐝫   𐝫 
KH 84, 𐝫   𐝫 𐙗 𐝆 𐝫   𐝫 𐙕 𐄇 𐙚 𐝫   𐜩 𐝫   𐝫 
KH 85, 𐝫   𐝫 𐜐 𐝆 𐙜 𐝫   𐝫 𐜩 𐝇 𐙏 𐝫   𐝫 𐙘 𐝂 𐝫   𐝫 
KH 86, 𐝫 𐘙 𐘍 𐙗 𐝫   𐝫 𐙗 𐝑 𐘢 𐘯 𐝫   𐝫 𐄉 𐝫 𐙗 𐝫 𐝕 𐝫   𐝫 
KH 87, 𐝫   𐝫   𐝫 𐝉 𐙚 𐝫   𐝫 𐝆 𐘖 𐄇 
KH 88, 𐘌 𐘯 𐙁 𐄁 𐘐 𐙈 𐄁   𐘝 𐄐 𐘫 𐘦 𐄁   𐄎   𐝫 
KH 9, 𐘇 𐘤 𐘲 𐘊 𐘇 𐄁 𐛨 𐝫   𐝫 𐝇 𐘝 𐝃 𐝁 𐘻 𐝫   𐝫 𐘚 𐘤 𐄁 𐜙 𐝆 𐝫   𐝫 𐄈 𐙗 𐝃 𐙍 𐝫   𐝫 𐙗 𐝃 𐝉 𐝫   𐝫 𐝎 𐛌 𐙘 𐄇 𐝫 
KH 90, 𐝫   𐝫 𐄁 𐝫 𐘱 𐝫   𐝫 𐙁 𐘳 𐘭 𐘳 𐝫   𐝫   𐝫 
KH 91, 𐝫   𐝫 𐄁 𐝫 𐙉 𐄇 𐙍 𐝫   𐝫 𐙨 𐄇 𐝆 𐝉 𐙀 𐝫   𐝫 𐝀 𐘹 𐝇 𐘝 𐝫   𐝫 𐜩 𐝇 𐜪 𐝫   𐝫 
KH 92, 𐘇 𐘀 𐘐 𐘭 𐙂 𐘝 𐘃 𐄐 𐝫   𐝫 𐘅 𐘸 𐄇 𐝫   𐝫 
KH 93, 𐝫 
KH 94, 𐝫   𐝫 𐚻 𐝫   𐝫 𐄐 𐄍 𐘚 𐝫   𐝫 𐘍 𐝫   𐝫 
KH 95, 𐝫   𐘈 𐄍 𐝫 
KH 96, 𐝫   𐝫   𐝫 𐝈 𐝀 𐝀 
KH 97 a, 𐝫 𐘙 𐘇 𐘱 𐝫   𐝫 𐘅 𐝫   𐝫 
KH 97 b, 𐝫 𐘈 𐘚 𐝫   𐝫   𐝫 
KH 99, 𐝫 𐘂 𐘭 𐘦 𐝫   𐝫 𐘇 𐘤 𐙈   𐝫 𐙂 𐘾 𐝫   𐝫 
KH Wa 1001, 𐜡 𐚳   𐜡 𐚳 ¹ ⁰ ⁰ ² 
KH Wa 1003, 𐙃 
KH Wa 1004, 𐙃 
KH Wa 1005-1008, 𐘼 
KH Wa 1011, 𐙕 
KH Wa 1013, 𐙅 𐘁 
KH Wa 1017, 𐙕 
KH Wa 1018, 𐚟 
KH Wa 1019, 𐝃 
KH Wa 1020, 𐝫 𐄁 
KH Wc 2001, 𐘵   𐘵 ² ⁰ ⁰ ¹ 
KH Wc 2003, 𐝫 
KH Wc 2004, 𐙇 𐝫 
KH Wc 2005, 𐘾 𐘅 𐘝 𐘠 
KH Wc 2006, 𐚱 
KH Wc 2008, 𐚫   𐚩 ² ⁰ ¹ ⁰   𐚩 ² ⁰ ² ⁰ 
KH Wc 2026, 𐙮 
KH Wc 2028, 𐙔 
"KH Wc 2029, 2030", 𐛧   𐛧 ² ⁰ ² ⁹ 
KH Wc 2033, 𐙐   𐘵 ² ⁰ ³ ³   𐙐 ² ⁰ ³ ⁹   𐙐 ² ⁰ ⁴ ⁰   𐙐 ² ⁰ ⁴ ¹ 
KH Wc 2040, 𐙐 
KH Wc 2041, 𐙐 
KH Wc 2042, 𐙐 
KH Wc 2046, 𐜈   𐜈 ² ⁰ ⁴ ⁷ 
KH Wc 2054, 𐝥 𐘻   𐝥 𐘻 ² ⁰ ⁵ ⁴   𐝥 𐘻 ² ⁰ ⁵ ⁵ 
KH Wc 2056, 𐜥 
KH Wc 2057, 𐛦   𐛦 ² ⁰ ⁵ ⁹   𐛦 ² ⁰ ⁶ ² 
KH Wc 2063, 𐘒 
KH Wc 2064, 𐛝 
KH Wc 2065, 𐝥 𐚋 
KH Wc 2066, 𐛀 
KH Wc 2067, 𐙾   𐙾 ² ⁰ ⁶ ⁷ 
KH Wc 2069, 𐘖 
KH Wc 2070, 𐛀 
KH Wc 2074, 𐝫 
KH Wc 2079, 𐚫 
KH Wc 2084, 𐚨 
KH Wc 2088+2089+fr, 𐝫 
KH Wc 2095, 𐙐 
KH Wc 2097, 𐛥 
KH Wc 2098, 𐙮 
KH Wc 2099, 𐛝 
KH Wc 2100, 𐙇 𐚌 𐘱 
KH Wc 2101, 𐘵 
KH Wc 2102, 𐘏 
KH Wc 2103, 𐚨 
KH Wc 2104, 𐘵 
KH Wc 2106, 𐛧 
KH Wc 2109, 𐛦 
KH Wc 2110, 𐘵 
KH Wc 2111, 𐙐 
KH Wc 2113, 𐜈 
KH Wc 2114, 𐚨 𐝫 
KH Wc 2115, 𐘵 
KH Wc 2117, 𐙇 𐝫   𐛦 
KH Wc 2118, 𐘵 
KH Wc 2121, 𐝫 
KH Wc 2122, 𐚨 
KH Wc 2123, 𐝭 𐘢 𐘾 
KH Wc 2124, 𐘮 
KH Zb 98, 𐘝 
KN 1 a, 𐘱 𐙂 𐘠   𐘡 𐄚 𐄓 
KN 1 b, 𐘱 𐘬 𐘴 𐘠   𐘡 𐄙   𐄋 
KN 2, 𐝫 𐘘 𐘅 𐄈   𐙈 𐄉 𐘚 𐙕 𐄋   𐝫 
KN 22 a, 𐝫 𐘲 𐘶 𐘳 𐝫 𐄑 𐝫   𐝫 𐘾 𐘧 𐝫 
KN 22 b, 𐝫 𐘊 𐘆 𐘰 𐄙 𐄐 
KN 22 c, 𐝫 𐙁 𐘲 𐘻 𐄁 𐝫 𐄁 𐝫 𐘅 𐝫   𐝫 
KN 28 a, 𐝫   𐝫   𐝫 𐘓 𐄇 𐝫   𐝫 𐙠 𐄏 𐝫   𐝫 𐙉 𐝫 𐄋 𐝫   𐝫 
KN 28 b, 𐝫   𐝫   𐝫 𐘃 𐝊 𐝫   𐝫 𐄉 𐛓 𐝊   𐝫 
KN 32 a, 𐝫   𐝫 𐘇 𐘂 𐝫   𐘇 𐘾 𐘳 𐝫   𐝫 
KN 32 b, 𐝫   𐝫 𐘃 𐝫   𐝫 𐘞 𐘫 𐄁 𐘂   𐝫 𐘱 𐘲   𐝫 
KN 54, 𐝫   𐝫 𐘫 𐘴 𐝫   𐝫 𐙏 𐝇 𐝫   𐝫 
KN Wa 40, 𐝫 𐄁 𐝈 𐝫 
KN Wa 50, 𐙕 
KN Wb 33, 𐘌 𐘸 𐝫   𐘯 𐘈 𐝫 
KN Wb 50, 𐙕 
KN Wb 51, 𐄁 
KN Wc 23, 𐘽 
KN Wc 26, 𐘘 𐘱 𐘝 𐘢 
KN Wc 29, 𐘑 
KN Wc 3, 𐝫 𐘾 𐘚 𐘾 𐝫 
KN Wc 30, 𐝫 𐘱 𐘴 
KN Wc 42, 𐝫 𐘅 𐘵 
KN Wc 43, 𐝫 𐄁 𐝫 
KN Wc 48, 𐝫 𐘃 𐝫 
KN Za 10, 𐝫 𐘳 𐘯 𐘕 𐘠 𐄁 𐘱 𐘞 𐘞 𐘴 𐙁   𐘅 𐄁 𐘀 𐘮 𐝫 𐄁 𐝫 𐘬 𐘮 𐘄 𐄁 𐘚 𐘱 𐝫 
KN Za 17, 𐝫 𐘱 𐘿 𐄁 
KN Za 18, 𐝫 𐄁 𐝫 𐘱 𐄁 𐝫 𐄁 𐝫 𐘱 𐄁 𐘱 𐘮 𐝫 𐄁 𐝫 
KN Za 19, 𐝫 𐘥 𐘶 𐘻 𐝫 𐄁 𐝫   —   𐝫 𐙈 𐘻 𐘅 
KN Zb <27>, 𐘆 𐘅 𐘉 𐄁 𐙍 𐄐 𐄍 
KN Zb <36>, 𐙍 
KN Zb <37>, 𐙍 
KN Zb <38>, 𐙍 
KN Zb <39>, 𐘝 
KN Zb 20, 𐝫 𐘅 𐘇 𐘰 
KN Zb 34, 𐛻 
KN Zb 35, 𐝫 𐘱 𐝫 𐘆 𐝫 𐘣 𐝫 𐙖 𐄙 𐘝 𐄈 
KN Zb 4, 𐝫 𐘶 𐄁 𐘱 𐘤 𐄁 𐘤 𐝫 
KN Zb 40, 𐘇 𐘂 𐘸   𐘉 𐘅 𐘇 
KN Zb 5, 𐘇 𐘹 𐘭 𐘤 𐘠 𐄁 
KN Zb 52, 𐙀 𐘭 𐘝 𐙁 
KN Zb 54, 𐝫 𐘫 𐘴 𐝫 
KN Zb 56, 𐘁 𐛧 
KN Zc 6, 𐘟 𐘠 𐘭   𐘇 𐘆 𐘀 𐘸 𐘠 𐘂 𐙂 𐄁 𐘝 𐘱 𐘯 𐄁   𐘶 𐙂 𐘅 𐘂 𐙂 𐘯 𐘉 𐝫 𐘚 𐙀 𐄁 
KN Zc 7, 𐘇 𐘾 𐘯 𐘍 𐘠 𐄁 𐘬 𐘴 𐘙 𐄁 𐘇 𐙀 𐘴 𐄁   𐘱 𐘞 𐘴 𐘇 𐘅 𐘗 𐄁 𐘣 𐘢 𐝫 𐄁 𐝫 
KN Zd 46, 𐝫 𐘫 𐝫 
KN Ze 16, 𐘇 𐘢 
KN Ze 44, 𐘚 𐝫 𐘮 𐘱 
KN Ze 45, 𐘾 𐘤 𐘇 𐘃 
KN Ze 49, 𐘥 𐘤 𐘃 
KN Ze 56, 𐘵 𐘀 𐝫 
KN Zf 13, 𐘇 𐘙 𐘗 𐘤 𐘆 𐙕 𐘢 𐘥 𐘂 𐘱 𐘳 𐘭 𐘈 𐘃 𐘭 𐘕 𐘇 𐘱 𐙂 
KN Zf 31, 𐝫 𐘤 𐝫 𐘤 𐘍 𐘗 𐙠 𐄁 𐘀 𐘬 𐘻 𐘗 𐄁 𐘌 𐘻 𐘨 𐘅 𐘴 𐄁 𐘇 𐘮 𐘢 𐄁 𐘃 𐘲 𐘦 𐘈 𐘥 𐘚 𐄁 𐘇 𐘀 𐘴 𐄁 𐘠 𐘆 𐘃 𐘌 𐘠 𐄁 𐘳 𐘞 𐘍 𐄁 𐘳 𐘃 𐘚 𐘥 𐘍 𐘙 𐄁 𐝫 
KN Zg <21>, 𐛈 
KN Zg 55, 𐘱 𐘞 𐘱 
KO (?) Zf 2, 𐘇 𐘴 𐘺 𐙂 𐘌 𐘮 𐘞 𐘄 𐙁 𐘁 𐙄 𐘳 𐘦 𐘊 𐘝 𐘍 
KO Za 1, 𐘇 𐘳 𐘚 𐙕 𐘮 𐘱   𐘹 𐘘 𐘞 𐄁 𐘬 𐙦 𐘙 𐄁 𐘚 𐘀   𐘇 𐄁 𐘉 𐘅 𐘾 𐘅 𐘤 𐄁 𐘚   𐘢 𐘅 𐙁 𐄁 𐘤 𐘘 𐘃 
KY Za 2, 𐘀 𐙁 𐘃 
KY Zg 1, 𐛴 
LA Zb 1 (bis), 𐘱 𐘠 𐘹 𐙂 
MA 1 a, 𐄂 𐘚 𐘬 𐘣 𐄁 𐘨 𐄁 𐘿 𐘦 𐘻 𐘯 𐄁 
MA 1 b, 𐘇 𐙁 𐄁 𐘨 𐄁 𐘿 𐘦 𐘻 𐘯 
MA 1 c, 𐘠 
MA 10 a, 𐝫 𐘘 𐄁 𐜲 𐄈 𐜰 𐄊 𐜱 𐄊 𐝫 
MA 10 b, 𐝫 𐘬 𐘢 𐘃 𐘮 𐄁 𐜭 𐄇 𐜰 𐄉 𐝫   𐝫 𐄊 𐜬 𐄈 𐛄 𐄈 𐝫 
MA 10 c, 𐝫 𐜰 𐄈 𐜱 𐄉 𐚤 𐝫 
MA 10 d, 𐝫 𐜴 𐜳 𐝫 
MA 2 a, 𐝫 𐘬 𐘴 𐄋 
MA 2 b, 𐝫 𐘙 𐘠 𐄊 𐝫   𐝫 𐘠 𐄇 𐘱 𐙂 𐄈 𐘠 𐝫 
MA 2 c, 𐝫 𐘉 𐘅 𐘅 𐄉   𐝫 𐘱 𐙁 𐘉 𐘠 𐄌 
MA 4 a, 𐘳 𐜅 𐄐 𐄋 𐜆 𐄙 𐄑 𐜄 𐄔 𐄉 𐜃 𐄒 
MA 4 b, 𐘇 𐝫 𐝫 𐘱 𐙒 𐄙 𐄑 𐄉 𐄙 𐄕 
MA 6 a, 𐝫 𐙒 𐝫 𐄡 𐄓 𐄇 𐜅 𐄒 𐄋 
MA 6 b, 𐝫 𐙒 𐄞 𐄑 𐝫 
MA 6 c, 𐝫 𐜅 𐄊 𐝫 𐙒 𐄗 𐄍 𐝫   𐝫 𐙒 𐝫 𐄚 𐄒 𐄉 𐝫 
MA 6 d, 𐝫 𐙒 𐄚 𐝫 
MA 9, 𐝫 𐄣 
MA Wc <5>, 𐘇 𐘞 𐘀 𐘾   𐛴 𐄊 
MA Wc 7, 𐙒 
MA Zb ??, 𐚥 𐝇 
MA Zb 8, 𐘱 𐘞 𐝫 
MA Ze 11, 𐘿 𐘤 𐘃 
MARG Wa 1-26, 𐘾 
MI 2, 𐘫 𐝫   —   𐝫 𐘬 𐘾 𐝫   𐝫 𐄁 𐝫 𐜪 𐝫   —   𐝫 𐘾 𐝫   𐝫 
MI Zb 1, 𐘸 𐘘 
MIL Zb 1, 𐝫 𐘰 𐘤 𐘨 
MO Zf 1, 𐙹 𐘞 𐘕 
MY Za 2, 𐘲 
MY Zf 1, 𐛉 
MY Zf 2, 𐁁 
MY Zg 1, 𐘲 
NE Za 1, 𐝫 𐘚 𐘀 𐝫 
PA 1, 𐘇 𐙂 𐘶 𐘂 𐙈   𐄒 𐄋 
PE 1, 𐘉 𐘾 𐘙 𐘇 𐘈 𐘤   𐘅 𐙂 𐘂 𐘭 𐙇 𐄔 𐝫   𐛭 𐄑 𐄌 𐘡 𐘾 𐝫   𐙇 𐄖 𐄈 𐛭 𐄒   𐄌 
PE 2, 𐝫   𐄉 𐝁 𐘘 𐘢 𐝫 𐙙 𐘻 𐄇 𐝄   𐘇 𐙱 𐘍 𐝃 𐘇 𐘭 𐘂 𐝃 𐘌 𐘌 𐘀   𐝆 𐘄 𐘋 𐝁 𐘄 𐘪 𐘙 𐄇   𐝫 
PE Ws, 𐙉 𐘠 𐘡 𐄇 
PE Wy 5, 𐙖 𐙛 𐄇 𐝆 
PE Zb, 𐝫 𐘇 𐘯 𐝫 
PE Zb 3, 𐘇 𐘾 𐘴 𐘸 𐘳 𐘅 𐘤 𐘱 𐘈 𐙇 𐘍 
PE Zb 7, 𐝫 𐘇   𐘱 𐘮 𐘢 𐄇 
PE Zb 8, 𐘇 
PE Zc 4, 𐝫 𐘇 𐘱 𐝫   ≈   𐝫 𐘱 𐘤 𐝫 
PE Zg 5, 𐙖 𐙛 𐄇 𐝆 
PE Zg 6, 𐘚 𐘅 𐝫 𐄁 𐝫 𐘃   —   𐘳 𐘅 𐙁 𐘧   — 
PH (?) 31 a, 𐝫   𐝫 𐘇 𐝫   𐝫 𐘘 𐚾 𐄇 𐙁 𐘆 𐘑 𐄇 𐘐 𐝫   𐄁 𐝫 𐘗 𐄇 𐙂 𐘰 𐘯 𐙄 𐘤 𐘙 𐄇 𐘂 𐘳 𐘀   𐝫 𐄇 𐙂 𐘁 𐚾 𐄇 𐘑 𐄋 𐘐 𐄉 𐝫 
PH (?) 31 b, 𐝫   𐝫 𐘓 𐄈 𐘐 𐄇 𐝫   𐝫 𐘬 𐘭 𐘔 𐄇 𐘹 𐝫   𐝫 𐘗 𐘔 𐄇 𐘓 𐄋 𐘃 𐘭 𐘑 𐝫   𐝫 𐄇 𐘭 𐘘 𐙁 𐘠 𐘑 𐙄 𐘤 𐘙   𐘇 𐘻 𐘀 𐘵 𐘑 𐄇 𐝫 
PH 1 a, 𐝫 𐘆 𐘴 𐘆 𐘅 𐙨 𐝫 𐄁 𐝫 𐝉   𐝫 𐘱 𐄁 𐙨 𐄇 𐙗 𐝅   𐝫 
PH 1 b, 𐝫 𐄁 𐝫 𐘅 𐄇 𐘂 𐝫   𐝫 𐘝 𐄈 𐝄 𐝇 
PH 10, 𐚏 𐘡 𐚎 𐙒 𐝈 𐝈 
PH 11, —   | | | | | | | | | | | | |   — 
PH 12 a, 𐝈 𐝈 𐙇 𐙿 𐙒 𐄐 𐝫 
PH 12 b, 𐝃 𐝫   𐝫 𐝃 𐝃 𐝫 
PH 12 c, 𐘃 
PH 13 a, 𐝫 𐝃 𐝃 𐙒 𐙴 𐝫 
PH 13 b, 𐝫 𐚐 
PH 13 c, 𐝫 𐝃 𐝃 𐙀 𐘃 𐝫 
PH 14 a, 𐝫 𐘝 𐙘 𐘱 𐝫 
PH 14 b, 𐝫 𐘻 𐘇 
PH 15 a, 𐝫 𐙁 𐘃 𐘙 𐙿 𐄐 𐄇 𐝫 
PH 15 b, 𐝫 𐚑 𐙒 𐝫 
PH 16 a, 𐝫 𐘠 𐘅 𐝫   —   𐝫 𐚒 𐘝 𐝫 
PH 16 b, 𐝫 𐘱 𐘞 𐝫   —   𐝫 𐘠 𐝫 
PH 17 a, 𐝫 𐚓 𐝫 
PH 17 b, 𐝫 𐚔 𐝫 
PH 18 a, 𐝫 𐘣 𐘱 𐝫   𐝫 
PH 18 b, 𐝫   𐝫 
PH 19, 𐘢 𐘵 𐝫   𐝫 
PH 2, 𐘇 𐘈 𐘹 𐘐 𐄇   𐘴 𐘵 𐘆 𐘸 𐄕   𐘢 𐘘 𐘡 𐘶 𐄕   𐘈 𐘞 𐘰 𐄕   𐝫 
PH 22 a, 𐝫 𐝆 𐝆 
PH 22 b, 𐝫 
PH 24, 𐘁 𐘡 
PH 25, 𐙍 𐄈 𐝫   𐝫   𐝫 
PH 26, 𐝫 𐙦 𐝔 𐝫 
PH 27, 𐝫   𐝫 𐘃 𐝫   𐝫 𐘇 𐝫   𐝫 
PH 28 a, 𐝫   𐝫 𐘇 𐘰 𐝫   𐄁 𐘱 𐘸 𐘰 𐝫   𐄁 𐘇 𐘭 𐘱 𐝫 
PH 28 b, 𐝫   𐝫 𐄙 𐄈 𐝫   𐝫 𐄈 𐙘 𐄌   𐝫 𐄌 𐝮 
PH 29 a, 𐝫   𐝫   𐝫 
PH 29 b, 𐝫   𐝫   𐝫 
PH 3 a, 𐝫 𐛠 𐄇 𐘳   𐝫 𐛡 𐄇 𐛣 𐝓   𐝫 𐛢 𐝓 𐘂 𐘴 𐝓   𐝫 𐘂 𐝫 𐄇   𐝫 
PH 3 b, 𐝫 𐛘 𐝕 𐝫   𐝫 𐘤 𐝃 𐝫   𐝫   𐝫 𐘤 𐄇 𐝃 𐝫   𐝫 
PH 30, 𐝫 𐘠 𐝃 𐝫   𐝫 𐙁 𐘙 𐘭 𐘻 𐘦 𐝫 
PH 6, 𐘚 𐘅 𐘮 𐄁 𐘇 𐘭   𐘚 𐙀 𐘭 𐘝 𐘳   𐘇 𐘭   𐘚 𐘀 𐘰 𐘚 𐘞 𐘭 
PH 7 a, 𐝫   𐝫 𐘆 𐘂 𐘱 𐝫   𐝫 𐘉 𐘆 𐘭 𐘸 𐝫   𐝫 𐘱 𐘘 𐙁 𐘗 𐝫   𐝫 𐘱 𐘤 𐘀 𐘴 𐝫 
PH 7 b, 𐝫   𐝫 𐘳 𐄇 𐝈 𐝫   𐝫 𐘀 𐘴 𐝈 𐝫   𐝫 𐙏 𐝈 𐝃   𐝫 
PH 8 a, 𐝫   𐝫 𐜵 𐄍   —   𐝫 𐙇 𐄐 𐄇 𐙘 𐄈   —   𐝫 𐄐 𐄌 𐜶 𐄇   —   𐝫 
PH 8 b, 𐝫   𐝫 𐙨 𐄇 𐜢 𐝫   𐝫 
PH 9 a, 𐙩 𐘿 𐚍 𐝏 
PH 9 b, 𐝫 𐚬 𐙍 𐄇 𐝆 𐝆 
PH Wa 32, 𐘲 𐘸 𐘭 𐘳 
PH Wb 33, 𐝫 
PH Wb 36, 𐘃 
PH Wb 55, 𐝫 
PH Wc 37, 𐘾 𐙦 𐘤 𐙬 
PH Wc 38, 𐙦 𐘳 𐙁 
PH Wc 39, 𐘱 𐘆 𐘁 
PH Wc 40, 𐘠 𐘠 𐙁 𐘅 
PH Wc 41, 𐙍 𐄇 𐝆 
PH Wc 43, 𐙍 
PH Wc 44, 𐘏 
PH Wc 46, 𐙴 𐘡   ≈   𐘠 
PH Wc 52, 𐙍 
PH Wg 45, 𐘡 𐘷 𐘿 
PH Wy 42, 𐙍 
PH Zb <47>, 𐙴 
PH Zb 4, 𐘤 𐙁 𐄁 𐘚 𐘱 𐘃 
PH Zb 48, 𐘌 𐙙 𐝫 𐄁 𐝫 
PH Zb 5, 𐘮 𐘣 𐘠 𐘅 𐘽 
PK 1, 𐘤 𐝫 𐄁 𐝫 𐘗 𐘠 𐄇 𐘾 𐘌 𐄈   —   𐘇 𐘬 𐘍 𐄇 𐘷 𐘳 𐘙 𐄇   —   𐘷 𐘠 𐘃 𐄇 𐘵 𐘾 𐘻 𐘍 𐘤   —   𐘚 𐘅 𐄇   —   𐘵 𐘃 𐘱 𐄇   —   𐘴 𐘅 𐘹 𐘲 𐄇 𐘝 𐘻 𐄇 𐘹   —   𐘲 𐄇 𐙁 𐘠 𐘍 𐘚 𐘃 𐄇   —   𐙁 𐘃 𐘠 𐄇 𐙁 𐘾 𐘚 𐘳 𐄇 
PK 3, 𐝫 𐘿 𐄉 𐘱 𐄑 𐝫 𐄒 𐄇 𐘀 𐘙 𐄖 𐄈   𐝫 𐘠 𐄈 𐝫 𐙂 𐄉 𐝫 𐄉 
PK Za 10, 𐝫 𐘤 𐄁 𐘚 𐘢 𐘅 𐘻 𐘅 𐄁 𐘤 𐝫 
PK Za 11, 𐘇 𐘳 𐘚 𐙕 𐘮 𐘡 𐄁 𐘇 𐘆 𐘸 𐘃 𐘃 𐝫 𐄁   𐄁 𐝫 𐘙 𐄁 𐘢 𐘃 𐘭 𐄁 𐘇 𐘺 𐘇 𐘗 𐄁 𐘇   𐘞 𐘞 𐘴 𐘋 𐄁 𐘉 𐘅 𐘘 𐘾 𐘅 𐘠 𐄁   𐘚 𐘢 𐘅 𐘻 𐘅 𐝫 𐘤 𐘘 𐝫 𐄁 𐝫 𐄁 𐘚 𐘅 𐘱 𐘂 𐘌 
PK Za 12, 𐘇 𐘳 𐘚 𐙕 𐘮 𐘱 𐄁 𐘇 𐘆 𐘸 𐘃 𐝫   𐄈 𐄉 𐝫 𐘘 𐝫 𐄊 𐄋 𐝫 𐘴 𐘋 𐝫   𐝫 𐘇 𐝫 𐄈 𐝫 𐘗 𐄁 𐘉 𐘅 𐘘 𐘾 𐝫 𐄇 𐝫 𐘱 𐘤   𐄁 𐘇 𐘂 𐘬 𐝫 𐄉 𐝫 𐘱 𐝫 𐄈 𐝫 𐘱 𐘂 𐘌 
PK Za 14, 𐝫 𐘹 𐘋   𐘚 𐄁 𐘱 𐘞 𐘞 𐝫 
PK Za 15, 𐝫 𐘱 𐘆 𐘸 𐘃 𐘃 𐘬 𐘜 𐘙 𐝫 
PK Za 16, 𐝫 𐘄 𐘞 𐄁 𐘜 𐘙 𐘱 𐝫 
PK Za 17, 𐝫 𐘚 𐘀 𐄁 𐝫 𐄁 𐝫 
PK Za 18, 𐝫 𐘃 𐄁 𐘚 𐘀 𐄁 𐘱 𐘱 𐝫 
PK Za 20, 𐝫 𐘉 𐘅 𐘾 𐝫 
PK Za 4, 𐘇 𐘞 𐘞 𐘴 𐝫 
PK Za 8, 𐝫 𐘯 𐄁 𐘰 𐘡 𐄁 𐘱 𐘆 𐘸 𐘃 𐘃 𐙛 𐘜 𐘙 𐄁 𐘹 𐘋 𐘚   𐘱 𐘞 𐝫 𐘉 𐘅 𐘾 𐘅 𐘤 𐝫   𐘚 𐘢 𐝫 
PK Za 9, 𐝫   𐝫 𐘱 𐘉 𐘂 𐙁 𐘚 𐘀 𐝫 𐄁 𐝫 𐘆 𐝫 
PK Zb ?, 𐘇 𐘰 𐘆 𐝫   𐘙 𐝁 
PK Zb 19, 𐘈 𐘤 𐘳 𐝫 
PK Zb 21, 𐘸 𐘳 𐘝 𐘃 
PK Zb 23, 𐘾 𐝫 
PK Zb 24, 𐙍 
PK Zb 25, 𐘻 𐘀 𐘴 
PK Zc 13, 𐝫 𐘯 𐘭 𐘱 𐝫 
PK Zg 22, 𐙍 𐙍 
PL Zf 1, 𐝫 𐘳 𐄁 𐘣 𐘃 𐘱 𐘕 𐄁 𐘉 𐘿 𐘠 𐄁 𐘱 𐘞 𐘞 𐘴 𐘋 𐄁 𐘳 𐘯 𐘝 𐘸 𐘅 𐄁 𐘝 𐘯 𐘝 𐄁 𐝫 𐄁 𐝫 𐘚 𐝫 𐄁 𐝫 
PO Zc 1, 𐘭 𐘿 𐘠 𐘇 𐘞 𐘞 𐘴 𐙱 𐄁 
PR Za 1, 𐘳 𐘅 𐘲 𐘃 𐝫 𐘥   𐘈 𐘄 𐘚 𐘱   𐘇 𐘞 𐘞 𐝢 𐘋 
PS Za 2, 𐄑 𐄊 𐝫 𐘙 𐘚 𐘥   𐘳 𐘅 𐘚 𐙕 𐘠 𐄁 𐝫 𐄌 𐝫 𐘱 𐘠 𐄁 𐘱 𐘞 𐘞 𐝢 𐘋 𐄁 
PSI Za 1, 𐙓 𐘬 𐘈 𐝫 
PSI Za 2, 𐄁 𐝫 
PSI Zb 1, 𐙓 𐘇 𐘚 
PYR 1, 𐘠 𐙁 𐘘 𐘣 𐘃   𐝦 𐙍 𐄘 
PYR 2, 𐝫 𐙘 𐝆 
PYR Wc 4, 𐘠 𐝫 𐄁 𐝫 𐘚 𐘤 𐝯 
PYR Zb 5, 𐝫 𐘃 𐘱 𐝫 
SAM Wa 1, 𐘱 𐘞 𐝫 𐘞 𐘴 𐝫 𐘃 𐄐 𐝇 
SAM We 4, 𐝠 
SE Zf 1, 𐘀 𐙂 
SI Zg 1, 𐘇 𐝫 𐄁 𐝫 𐘀 𐙈 
SK Zb 1, 𐘇 𐙁 𐘴 𐘗 𐝫 
SKO Zc 1, 𐝫 𐄁 𐘅 𐘹 𐙕 𐘗 𐝫   𐝫 𐘌 𐘸 𐘠 𐝫 
SY Za 1, 𐝫 𐘇 𐘳 𐘚 𐙕 𐘮 𐘱 𐄁 𐘚 𐘀 𐘻 𐄁 𐘱 𐝫 
SY Za 10, 𐘌 𐘞 𐘴 𐙂 
SY Za 11, 𐄁 𐘁 𐘌 𐝫 
SY Za 12, 𐝫 𐄁 𐘇 𐝫 
SY Za 2, 𐘇 𐘳 𐘚 𐙕 𐘮 𐘱 𐄁 𐘱 𐘲 𐙁 𐘹 𐙋 𐄇   𐘉 𐘅 𐘾 𐘅 𐘤 𐙖   𐘇 𐘱 
SY Za 3, 𐘇 𐘳 𐘚 𐙕 𐘮 𐝫 𐘱 𐝫 𐘈 𐘾 𐘅 𐘤 𐝫 𐘃 𐝫 𐘤 𐘘 𐘃 
SY Za 4, 𐘇 𐘳 𐘚 𐙕 𐘮 𐘱 𐄁 𐘱 𐘚 𐘩 𐘍 𐄁 𐘰 𐘝 𐘣 
SY Za 5, 𐝫 𐘻 𐘱 𐄁 𐘱 𐘮 𐘰 𐝫 
SY Za 6, 𐘀 𐘈 𐘴 𐘃 
SY Za 8, 𐘇 𐘳 𐝫 𐘚 𐙕 𐘮 𐘱 𐄁 𐘱 𐘱 𐝫 
SY Za 9, 𐘱 𐘂 𐘴 𐘱 𐘈 
SY Zβ 7, 𐝫 𐘴 𐘸 𐘝 𐘈 
TEL Zb 1, 𐘕   ≈   𐘮 𐘃   ≈   𐘝 
THE fr. 1, 𐝫 𐘸 𐝫 
THE fr. 2, 𐝫 𐙖 𐝫 
THE fr. 3, 𐝫 𐙖 𐝫 
THE tab. 4, 𐝫 𐘒 𐄍 𐝫   𐝫 𐘒 𐄓 𐄌 𐝫 
THE tab. 5, 𐝫 𐄁 𐘃 𐘋 𐘀 𐘚 𐝫 
THE tab. 6, 𐝫 𐄐 𐝫   𐝫 𐝡 𐝫 𐄚 𐝫 
THE Zb 1, 𐝫 𐘤 𐘝 𐝫 
THE Zb 13, 𐘏 𐛻 𐄙 𐄑 𐘾 𐘇 𐘤 𐝫 𐘃 𐄙 𐄑 
THE Zb 2, 𐘇 𐘙 𐘞 𐘅 
THE Zb 3, 𐘇 𐘗 𐝫 
THE Zb 4, 𐝫 𐘇 𐘙 𐝫 
THE Zb 5, 𐙁 𐄓 𐘫 𐄋   𐙑 𐄍 𐘎 𐄏 𐘳 𐄊 
THE Zb 6, 𐘧 
THE Zb 7, 𐘇 𐘧 
TI Zb 1, 𐝫 𐙕 𐘤 𐝫 
TL Za 1, 𐘇 𐘳 𐘚 𐙕 𐘮 𐘱 𐄁 𐘵 𐘲 𐘌 𐘙 𐄁   𐘱 𐘞 𐘞 𐘴 𐘋 𐄁 𐘉 𐘅 𐘾 𐘅 𐘤 𐝫   𐝫 𐘅 𐙁 𐘤 𐘘 𐝫 
TRA Zb 1, 𐝫 𐘙 𐘱 𐝫 
TRO Zg 1, 𐘢 𐘻 𐘳 𐘠 𐘽 
TRO Zg 2, 𐘬 𐘻 𐘳 𐘠 𐘽 
TRY Zb 1, 𐝫 𐘗 𐘻 𐝫   ≈   𐝫 𐘻 𐘗 𐝫 
TY 2, 𐙞 𐝫 𐘟 𐘫 𐘢 𐄝 𐙝 𐝫 𐄚 𐄘   𐙞 𐘸 𐘫 𐄔 𐙝 𐘀 𐘫 𐝫 𐄐 𐘂   𐘀 𐘘 𐙝 𐘶 𐘸 𐄙 𐙝 𐘭 𐘶 𐝫 𐙝 𐝫 𐄌 𐙇   𐄗 𐄊 𐙟 𐘀 𐘶 𐄐 𐄍 𐝫   𐙟 𐘘 𐘾 𐄒 𐙝 𐘭 𐘮 𐘶 𐄙 𐄕   𐝫 𐙞 𐘭 𐘶 𐄚 𐄔 𐙞 𐝫   𐝫 
TY 3 a, 𐝫 𐘍 𐙭 𐜓 𐄐 𐄋 𐝃 𐜋 𐄑 𐄈 𐘗   𐘸 𐄋 𐜌 𐄉 𐝆 𐜗 𐝫 𐜋 𐄍 𐝆   —   𐘇 𐘬 𐝫 𐄁 𐝫 𐜓 𐄔 𐄇 𐜔 𐄈 𐝂   𐜕 𐄇 𐜌 𐄊 𐝆 𐝫 𐙋 𐄊 𐝫   —   𐘇 𐘀 𐜋 𐄑 𐄇 𐜗 𐄈 𐝫   𐝫 𐘺 𐘇 𐘬 𐘮 𐙖 𐝫 𐄍 𐝂   —   𐘇 𐙂 𐘹 𐚕 𐝫 𐘸 𐄋 𐜖 𐄇   — 
TY 3 b, 𐘸 𐘭 𐘤 𐜗 𐄌 𐝫   —   𐘢 𐙂 𐙀 𐜓 𐄊 𐜗 𐄐 𐄇 𐝫   𐜍 𐄈 𐝫   —   𐘂 𐜗 𐝫 𐄚 𐄑 𐝫   𐝫 
TY Wc 5, 𐙂 
TY Zb 4, 𐘇 𐙕 𐘸 𐘳 𐘇 
TY Zg 1, 𐝫 𐙁 𐘘 𐘇 
VRY Za 1, 𐝫 𐘚 𐘢 𐘅 𐙁   𐘤 𐘘 𐘃 𐄁 𐝫 
ZA 1 a, 𐛀 𐄁 𐘸 𐘙 𐘍 𐄁 𐘝   𐄓 𐄈 𐝆 𐘍 𐄋   𐝫 
ZA 1 b, 𐘡 𐘻 𐝫 𐘁   𐙉 𐄓 𐄍   𐝫 
ZA 10 a, 𐘳 𐘅 𐘃 𐄈 𐘂 𐝫 𐄇 𐘇 𐙂   𐘻 𐘅 𐄇 𐘇 𐘳 𐘅 𐝠 𐄇   𐘇 𐘻 𐘀 𐘉 𐄇 𐘇 𐘬   𐙂 𐘻 𐘅 𐄇 𐘀 𐘚 𐘢   𐘳 𐄇 𐘬 𐘙 𐘍 𐘈 𐄈 
ZA 10 b, 𐘮 𐚖 𐄈 𐘬 𐘙 𐘍 𐘈   𐙎 𐄋 𐘉 𐘪 𐄌 𐙁 𐘍   𐄋 𐙁 𐘸 𐘦 𐝠 𐄋 𐘞   𐙁 𐄋 𐘇 𐘦 𐄊 𐘇 𐘻   𐘳 𐄉 𐘽 𐘁 𐘙 𐄈 𐘂 𐘱 𐘙   𐄇 𐘾 𐙂 𐘗 𐘃 𐝆 𐘳   𐄈 𐘬 𐄇 𐝫 
ZA 11 a, 𐘆 𐘆 𐘺 𐘴 𐘋 𐝫 𐘷 𐄁 𐛀 𐄁 𐛭 𐝫   𐝫 𐘴 𐙁 𐘤   𐙍 𐝆 𐝫 𐝫 𐘡 𐙂 𐘘 𐄈   𐝃 𐘶 𐝈 𐝉 𐙍 𐝆 𐛟 𐄊   𐙂 𐘂 𐄁 𐛭 𐄇 𐝫 𐘢 𐙠 𐘇   𐝫 𐙋 𐄈   𐝫 
ZA 11 b, 𐘡 𐘄 𐘭 𐛀 𐄁 𐘞 𐙕 𐘭 𐄁 𐛭 𐄇   𐘚 𐙋 𐄇 𐝫   𐝫 𐘚 𐘦 𐝫   𐝫 𐘴 𐄈 𐙂 𐘂 𐄁 𐛭 𐄉   𐝫 
ZA 12 a, 𐝫   𐘂 𐝫 𐄕 𐄊 𐝫 𐘠 𐄐 𐄉 𐝫   𐘘 𐄑 𐄎   𐄌 
ZA 12 b, 𐝫   𐝫 𐘹 𐝫 𐄌 𐝫 𐘂 𐝫 𐄓 𐝫   𐘠 𐄐 𐄉 𐘘 𐄑 𐄌 
ZA 13, 𐝫   𐝫 𐘲 𐘂 𐝫   𐝫 
ZA 14, 𐘋 𐘸 𐘆 𐄇 𐘐 𐙈 𐄇   𐘫 𐘝 𐘾 𐚗 𐄉 𐘌 𐘠 𐘶 𐄎   𐙂 𐘢 𐄇 𐘹 𐘻 𐘠 𐘍 𐘈   𐄓 𐄋 𐝫 𐘂 𐘯 𐘿 𐄈 𐘱 𐘣 𐝫   𐝫   𐝫 
ZA 15 a, 𐘨 𐙂 𐘅 𐘞 𐙍   𐘿 𐘤 𐙀 𐘡 𐄔 𐄍   𐘚 𐘠 𐘝 𐘞 𐄐 𐘋 𐙍   𐘻 𐘍 𐘈 𐄉 𐘛 𐘯 𐙁   𐘙 𐄌 𐘤 𐘢 𐘸 𐄈 𐝆   𐘱 𐘞 𐘕 𐄋 𐘞 𐘻 𐘀   𐘡 𐄊 𐚗 𐘥 𐙁 𐘈 𐄋 
ZA 15 b, 𐘾 𐘆 𐄁 𐙍 𐄉   —   𐙂 𐘁 𐄁 𐙍 𐄖 𐄎   𐛿 𐄐 𐄍 
ZA 16, 𐝫   𐝫 𐘤 𐝫   𐝫   𐝫 𐘂 𐄌 𐝫 𐘲 𐄊 𐝫   𐝫 
ZA 17, 𐝫   𐝫   𐝫 
ZA 18 a, 𐘀 𐘙 𐙂 𐝫 𐄁 𐙂 𐙭 𐄁 𐛭 𐄈 𐝓   𐙉 𐝫 𐄈 𐝓 𐜓 𐝒 𐙋 𐝃   𐝫 
ZA 18 b, 𐝫   𐄈 𐝆 𐝃 𐝉 𐝫   𐝫 
ZA 19, 𐝫   𐝫 𐘴 𐘃 𐝫   𐝫 
ZA 20, 𐝫   𐝫 𐘬 𐘙 𐘍   𐘈 𐝫 𐘻 𐝫 𐄁 𐝫 𐄊 𐘤 𐘃 𐘹 𐄇   𐘤 𐘹 𐄌 𐘃 𐙌 𐄐 𐄈 𐘘 𐙁 𐘳 𐘈 𐄉   𐙂 𐘴 𐄙 𐄒   𐝫 
ZA 21 a, 𐝫 𐘋 𐝫   𐝫 𐘢 𐘕 𐄓 𐝫   𐝫   𐝫 𐙁 𐝫 𐘃 𐄈 𐘳 𐘥   𐝫   𐝫 𐘂 𐝫 𐄋 𐘳 𐙁 𐘢 𐝫   𐝫 𐄉 𐘇 𐝫 𐝫 𐙈 𐘻 𐝫 𐄈 
ZA 21 b, 𐘚 𐘀 𐝫   𐝫 𐘸 𐝫   𐝫 𐄈 𐘞 𐘭 𐝫   𐝫   𐝫   𐘋 
ZA 22, 𐝫   𐝫 𐘐 𐝫   𐘑 𐄇 𐝫   𐝫 𐄇 𐘴 𐝫 𐄁 𐝫 𐘐 𐄇 𐝫   𐝫 𐄌 𐘬 𐘶 𐝫   𐘐 𐄙 𐝫 
ZA 23, 𐝫   —   𐝫 𐘃 𐘃 𐝫   𐝫 𐘻 𐘙 𐝫 
ZA 24 a, 𐘚 𐘀 𐙉 𐝫   𐝫   𐝫 
ZA 24 b, 𐝫 𐘳 𐝫   𐝫 
ZA 25, 𐝫   𐝫 
ZA 26 a, 𐘤 𐘃 𐄁 𐘆 𐘆 𐝫   𐝫 𐘐 𐄐 𐄉 𐘱 𐘸 𐝫   𐝫 𐘸 𐝫   𐝫 
ZA 26 b, 𐝫 𐘐 𐄍   𐝫 
ZA 27, 𐝫   𐝫   𐝫 𐘆 𐘸 𐄈 𐘵 𐘻 𐝫 
ZA 28, 𐝫   𐝫 𐛭 𐄇 𐝫   𐝫 
ZA 29, 𐝫   𐝫 𐙁 𐄙 𐝫   𐝫 𐘃 𐝫   𐝫 
ZA 30, 𐝫   𐝫   𐝫 𐄍 𐝫   𐝫 
ZA 31, 𐝫   𐝫 𐘬 𐄈 𐝫   𐝫 
ZA 32, 𐝫   𐝫 𐘱 𐝫   𐝫 
ZA 33, 𐝫   𐝫 𐄑 𐄇 𐝫   𐝫 
ZA 4 a, 𐝫   𐝫 𐘡 𐝫   𐘢 𐝫 𐄁 𐝫 𐘈 𐝫 𐄋 𐘱 𐘄 𐘱   𐝫 𐄉 𐝫 𐘇 𐘠 𐘘 𐄊 𐘱   𐘂 𐄇 𐝫 𐝫 𐄁 𐝫 𐘹 𐘋 𐘈 𐄐 𐄎   𐘿 𐘤 𐙀 𐘡 𐄊 𐘛   𐘯 𐙁 𐘙 𐄐 𐄉 𐘤 𐘢   𐘸 𐄋 𐘡 𐙃 𐄔   𐘾 𐘆 𐄉 
ZA 4 b, 𐝫   𐝫 𐙍 𐄙 𐄊 𐝫 
ZA 5 a, 𐘐 𐙈 𐄁 𐙍 𐘲 𐘸 𐘝   𐙁 𐄍 𐘵 𐘳 𐘝 𐘍   𐘈 𐄌 𐘞 𐘻 𐘀 𐘡   𐝫 
ZA 5 b, 𐘛 𐘯 𐙁 𐘙 𐄑   𐘤 𐘢 𐘸 𐄇 𐝆 𐙁 𐘾   𐘚 𐘳 𐄉 
ZA 6 a, 𐙙 𐘮 𐘅 𐙑 𐄐 𐄏 𐘟 𐘶   𐘃 𐘻 𐝫 𐄙 𐄗   𐘚 𐘈 𐝫 𐙋   𐄐 𐄋 𐝫 𐙋 𐄐   𐘚 𐝫 𐄈   𐝫 𐘜 𐘽 𐛭 𐝫   𐝫 𐄑 𐝫 𐙋 𐝫   𐝫 𐄑 𐄋 𐙘 𐝫   𐝫 𐄑 𐘚 𐘈   𐝫 𐄁 
ZA 6 b, 𐘚 𐙂 𐘶 𐘠 𐘛 𐛭 𐄔 𐝃   𐛿 𐄓 𐜁 𐄐 𐙢 𐘷   𐛭 𐄓 𐝫 𐄑   —   𐘂 𐘍 𐝫   𐝫 𐘚 𐙁 𐝫 
ZA 7 a, 𐘉 𐘶 𐄋 𐘇   𐘴 𐘹 𐄊 𐘇 𐘙 𐘹   𐘻 𐝫   𐝫 
ZA 7 b, 𐘇 𐙁 𐝫   𐝫 𐝄 𐝉 𐝫 
ZA 8, 𐘸 𐘴 𐄁 𐘇 𐘳 𐘙 𐄁 𐘝 𐝆   𐙂 𐘹 𐘺 𐘙 𐝓 𐘇 𐘭   𐘝 𐘳 𐄇 𐝫 𐝁 𐝁 𐘳 𐘚 𐘯 𐙁   𐘂 𐝆 𐙁 𐘾 𐘚 𐘈 𐄈 𐝃 𐝆   𐘀 𐘚 𐘢 𐘳 𐄈 𐝆   𐘾 𐘚 𐘁 𐄊 𐝒 
ZA 9, 𐝫 𐘯 𐘠 𐄁 𐘍 𐝫   𐝫 𐝢 𐚽 𐄋 𐝫   𐝫 𐘁 𐘤 𐝢   𐝫 𐚽 𐄊 𐘇 𐘳 𐘅 𐝫 𐄁 𐝫   𐚽 𐄈 𐝫 𐄁 𐝫 𐙁 𐘶 𐘐 𐄈   𐘣 𐝢 𐘙 𐘻 𐘃 𐘐 𐄇 
ZA Wa 36, 𐘁 
ZA Wa 38, 𐙕 
ZA Wb 37, 𐘤 
ZA Wc 2, 𐘇 𐘠 𐘾 𐘇   𐘬 𐘺 𐘻 
ZA Zb 3, 𐙍 𐄒 𐄈 𐘆 𐘆 𐘾 𐘈 𐄁 𐘇 𐘞 𐘕 𐘗 𐄁 𐘇 𐘈   𐘇 𐘳 𐘚 𐙕 𐘦 𐘾 𐄁 𐘇 𐘙 𐘢 𐘙 𐘅 𐄁 𐘠 𐘠 𐙂 
ZA Zb 34, 𐝫 𐘜 𐘙 𐘱 𐄁 𐘺 𐘕 𐄁 𐘘 𐘆 𐝫 
ZA Zg 34, 𐘮 𐄕 
ZA Zg 35, 𐝫 𐘋 𐘻 𐘱 𐘘 𐄁 𐘈 𐘮 𐙄 𐘦 